,event_date,provider_account,total_price,total_price_usd,facebook-ads,google-ads,tiktok-ads,pinterest-ads,snapchat-ads,amazon
0,2022-01-02,beauty_shop_1,173954.530000000,173954.530000000,31846.090000000,3593.454221000,0,0,0,0
0,2022-01-03,beauty_shop_1,121306.460000000,121306.460000000,26763.070000000,3065.191590000,0,0,0,0
0,2022-01-04,beauty_shop_1,123855.430000000,123855.430000000,29146.160000000,4055.082771000,0,0,0,0
0,2022-01-05,beauty_shop_1,159204.160000000,159204.160000000,32020.690000000,3944.105033000,0,0,0,0
0,2022-01-06,beauty_shop_1,162325.690000000,162325.690000000,31756.350000000,4162.369325000,0,0,0,0
0,2022-01-07,beauty_shop_1,138916.370000000,138916.370000000,32311.060000000,4290.969641000,0,0,0,0
0,2022-01-08,beauty_shop_1,146588.200000000,146588.200000000,33086.760000000,4127.406892000,0,0,0,0
0,2022-01-09,beauty_shop_1,138756.540000000,138756.540000000,32670.500000000,4042.073130000,0,0,0,0
0,2022-01-10,beauty_shop_1,111574.590000000,111574.590000000,29905.840000000,3769.813811000,0,0,0,0
0,2022-01-11,beauty_shop_1,114250.090000000,114250.090000000,28203.890000000,5918.523440000,0,0,0,0
0,2022-01-12,beauty_shop_1,165968.540000000,165968.540000000,28209.870000000,3662.311424000,0,0,0,0
0,2022-01-13,beauty_shop_1,122702.680000000,122702.680000000,28926.180000000,4125.204819000,0,0,0,0
0,2022-01-14,beauty_shop_1,126225.420000000,126225.420000000,27730.270000000,4007.716316000,0,0,0,0
0,2022-01-15,beauty_shop_1,213790.150000000,213790.150000000,28223.180000000,4481.487868000,0,0,0,0
0,2022-01-16,beauty_shop_1,176990.310000000,176990.310000000,28328.210000000,4367.347985000,0,0,0,0
0,2022-01-17,beauty_shop_1,157100.510000000,157100.510000000,29565.020000000,4430.876390000,0,0,0,0
0,2022-01-18,beauty_shop_1,123113.340000000,123113.340000000,28803.500000000,4263.378149000,0,0,0,0
0,2022-01-19,beauty_shop_1,150781.380000000,150781.380000000,30074.580000000,4550.408625000,0,0,0,0
0,2022-01-20,beauty_shop_1,151551.370000000,151551.370000000,30466.950000000,4514.344262000,0,0,0,0
0,2022-01-21,beauty_shop_1,114408.960000000,114408.960000000,26377.320000000,3923.459746000,0,0,0,0
0,2022-01-22,beauty_shop_1,134705.870000000,134705.870000000,27220.780000000,4393.828911000,0,0,0,0
0,2022-01-23,beauty_shop_1,144609.690000000,144609.690000000,27976.990000000,4443.601214000,0,0,0,0
0,2022-01-24,beauty_shop_1,115630.140000000,115630.140000000,27379.130000000,4000.415462000,0,0,0,0
0,2022-01-25,beauty_shop_1,121003.820000000,121003.820000000,28455.510000000,3997.760319000,0,0,0,0
0,2022-01-26,beauty_shop_1,107375.080000000,107375.080000000,29896.910000000,3937.191053000,0,0,0,0
0,2022-01-27,beauty_shop_1,110127.140000000,110127.140000000,29272.530000000,4036.917669000,0,0,0,0
0,2022-01-28,beauty_shop_1,110414.130000000,110414.130000000,28989.690000000,4399.004418000,0,0,0,0
0,2022-01-29,beauty_shop_1,132499.510000000,132499.510000000,27694.170000000,4181.369194000,0,0,0,0
0,2022-01-30,beauty_shop_1,123372.280000000,123372.280000000,26503.210000000,4504.608128000,0,0,0,0
0,2022-01-31,beauty_shop_1,110559.820000000,110559.820000000,26279.750000000,3418.645849000,0,0,0,0
0,2022-02-01,beauty_shop_1,120160.440000000,120160.440000000,24496.580000000,4386.895248000,0,0,0,0
0,2022-02-02,beauty_shop_1,107678.220000000,107678.220000000,23919.540000000,3626.228725000,0,0,0,0
0,2022-02-03,beauty_shop_1,138610.900000000,138610.900000000,24346.760000000,4095.432813000,0,0,0,0
0,2022-02-04,beauty_shop_1,99619.780000000,99619.780000000,25546.450000000,3908.520189000,0,0,0,0
0,2022-02-05,beauty_shop_1,114800.880000000,114800.880000000,25177.670000000,3661.964819000,0,0,0,0
0,2022-02-06,beauty_shop_1,116318.740000000,116318.740000000,25219.830000000,4023.018649000,0,0,0,0
0,2022-02-07,beauty_shop_1,101111.000000000,101111.000000000,25230.950000000,3993.403028000,0,0,0,0
0,2022-02-08,beauty_shop_1,153645.130000000,153645.130000000,26473.520000000,4041.501058000,0,0,0,0
0,2022-02-09,beauty_shop_1,110876.780000000,110876.780000000,27827.060000000,3087.822793000,0,0,0,0
0,2022-02-10,beauty_shop_1,104005.010000000,104005.010000000,27629.930000000,3262.046798000,0,0,0,0
0,2022-02-11,beauty_shop_1,104189.940000000,104189.940000000,28021.570000000,3237.608651000,0,0,0,0
0,2022-02-12,beauty_shop_1,92759.310000000,92759.310000000,28664.420000000,3897.586932000,0,0,0,0
0,2022-02-13,beauty_shop_1,126369.400000000,126369.400000000,27428.520000000,3612.528017000,0,0,0,0
0,2022-02-14,beauty_shop_1,88557.110000000,88557.110000000,25984.410000000,3330.230368000,0,0,0,0
0,2022-02-15,beauty_shop_1,96686.740000000,96686.740000000,25413.020000000,3556.785614000,0,0,0,0
0,2022-02-16,beauty_shop_1,95502.160000000,95502.160000000,24553.170000000,3104.254441000,0,0,0,0
0,2022-02-17,beauty_shop_1,101154.380000000,101154.380000000,24341.030000000,4231.763632000,0,0,0,0
0,2022-02-18,beauty_shop_1,122832.390000000,122832.390000000,23171.090000000,2567.464974000,0,0,0,0
0,2022-02-19,beauty_shop_1,179447.580000000,179447.580000000,27719.580000000,3524.464164000,0,0,0,0
0,2022-02-20,beauty_shop_1,217208.340000000,217208.340000000,28429.700000000,3261.940665000,0,0,0,0
0,2022-02-21,beauty_shop_1,179936.410000000,179936.410000000,29823.480000000,3083.774837000,0,0,0,0
0,2022-02-22,beauty_shop_1,161182.390000000,161182.390000000,29482.530000000,2976.674546000,0,0,0,0
0,2022-02-23,beauty_shop_1,110596.650000000,110596.650000000,25498.390000000,3001.556047000,0,0,0,0
0,2022-02-24,beauty_shop_1,109854.750000000,109854.750000000,25089.240000000,3200.610930000,0,0,0,0
0,2022-02-25,beauty_shop_1,92404.120000000,92404.120000000,24189.550000000,2427.557198000,0,0,0,0
0,2022-02-26,beauty_shop_1,147117.080000000,147117.080000000,21379.420000000,3248.332963000,0,0,0,0
0,2022-02-27,beauty_shop_1,124425.830000000,124425.830000000,22227.210000000,2915.857984000,0,0,0,0
0,2022-02-28,beauty_shop_1,121988.410000000,121988.410000000,21383.350000000,2477.260871000,0,0,0,0
0,2022-03-01,beauty_shop_1,75685.340000000,75685.340000000,21565.080000000,3036.527488000,0,0,0,0
0,2022-03-02,beauty_shop_1,103602.280000000,103602.280000000,20791.150000000,2824.805507000,0,0,0,0
0,2022-03-03,beauty_shop_1,84135.180000000,84135.180000000,21726.880000000,2677.887097000,0,0,0,0
0,2022-03-04,beauty_shop_1,77596.290000000,77596.290000000,22050.250000000,2779.484244000,0,0,0,0
0,2022-03-05,beauty_shop_1,94709.610000000,94709.610000000,22044.440000000,3200.407383000,0,0,0,0
0,2022-03-06,beauty_shop_1,86440.970000000,86440.970000000,21339.230000000,2823.858428000,0,0,0,0
0,2022-03-07,beauty_shop_1,100818.430000000,100818.430000000,21441.900000000,2834.491906000,0,0,0,0
0,2022-03-08,beauty_shop_1,67828.170000000,67828.170000000,17082.740000000,3276.847675000,0,0,0,0
0,2022-03-09,beauty_shop_1,95798.330000000,95798.330000000,16015.360000000,2700.380017000,0,0,0,0
0,2022-03-10,beauty_shop_1,71474.160000000,71474.160000000,16057.300000000,2516.706427000,0,0,0,0
0,2022-03-11,beauty_shop_1,81539.540000000,81539.540000000,15316.280000000,2776.959748000,0,0,0,0
0,2022-03-12,beauty_shop_1,97949.450000000,97949.450000000,14687.240000000,3076.868244000,0,0,0,0
0,2022-03-13,beauty_shop_1,72998.100000000,72998.100000000,15332.870000000,3230.481496000,0,0,0,0
0,2022-03-14,beauty_shop_1,84729.950000000,84729.950000000,14435.970000000,2466.889740000,0,0,0,0
0,2022-03-15,beauty_shop_1,61549.870000000,61549.870000000,15724.690000000,2473.031635000,0,0,0,0
0,2022-03-16,beauty_shop_1,85980.360000000,85980.360000000,16470.960000000,2765.208589000,0,0,0,0
0,2022-03-17,beauty_shop_1,78507.930000000,78507.930000000,14798.300000000,2867.287838000,0,0,0,0
0,2022-03-18,beauty_shop_1,79033.620000000,79033.620000000,14879.950000000,2749.521223000,0,0,0,0
0,2022-03-19,beauty_shop_1,107603.620000000,107603.620000000,16449.970000000,2724.652050000,0,0,0,0
0,2022-03-20,beauty_shop_1,94591.100000000,94591.100000000,17397.270000000,2623.306841000,0,0,0,0
0,2022-03-21,beauty_shop_1,113564.220000000,113564.220000000,17020.090000000,2467.484989000,0,0,0,0
0,2022-03-22,beauty_shop_1,113701.260000000,113701.260000000,16872.020000000,2674.286111000,0,0,0,0
0,2022-03-23,beauty_shop_1,111530.930000000,111530.930000000,15757.290000000,2697.377249000,0,0,0,0
0,2022-03-24,beauty_shop_1,73176.170000000,73176.170000000,15382.330000000,2463.315651000,0,0,0,0
0,2022-03-25,beauty_shop_1,85933.200000000,85933.200000000,18224.220000000,2399.270280000,0,0,0,0
0,2022-03-26,beauty_shop_1,87677.670000000,87677.670000000,19272.780000000,2742.640691000,0,0,0,0
0,2022-03-27,beauty_shop_1,111895.990000000,111895.990000000,23086.420000000,2475.906828000,0,0,0,0
0,2022-03-28,beauty_shop_1,77910.950000000,77910.950000000,21485.680000000,2439.101746000,0,0,0,0
0,2022-03-29,beauty_shop_1,80958.890000000,80958.890000000,19591.820000000,2950.886560000,0,0,0,0
0,2022-03-30,beauty_shop_1,85189.730000000,85189.730000000,19340.130000000,3238.971065000,0,0,0,0
0,2022-03-31,beauty_shop_1,91242.470000000,91242.470000000,18390.990000000,2228.572566000,0,0,0,0
0,2022-04-01,beauty_shop_1,123649.550000000,123649.550000000,21429.050000000,2800.977444000,0,0,0,0
0,2022-04-02,beauty_shop_1,92158.330000000,92158.330000000,24714.020000000,3040.569607000,0,0,0,0
0,2022-04-03,beauty_shop_1,128043.190000000,128043.190000000,26934.390000000,2991.335513000,0,0,0,0
0,2022-04-04,beauty_shop_1,85084.740000000,85084.740000000,25034.100000000,3098.779670000,0,0,0,0
0,2022-04-05,beauty_shop_1,78426.270000000,78426.270000000,24984.810000000,4133.500474000,0,0,0,0
0,2022-04-06,beauty_shop_1,96710.380000000,96710.380000000,24442.480000000,2839.845988000,0,0,0,0
0,2022-04-07,beauty_shop_1,83417.200000000,83417.200000000,23097.620000000,2593.945368000,0,0,0,0
0,2022-04-08,beauty_shop_1,129647.040000000,129647.040000000,21943.030000000,3441.476449000,0,0,0,0
0,2022-04-09,beauty_shop_1,136459.400000000,136459.400000000,18456.480000000,3554.949208000,0,0,0,0
0,2022-04-10,beauty_shop_1,141524.370000000,141524.370000000,18150.490000000,2776.705918000,0,0,0,0
0,2022-04-11,beauty_shop_1,125969.910000000,125969.910000000,21362.790000000,3069.002099000,0,0,0,0
0,2022-04-12,beauty_shop_1,99978.790000000,99978.790000000,23194.640000000,3441.989794000,0,0,0,0
0,2022-04-13,beauty_shop_1,109404.240000000,109404.240000000,25946.960000000,3528.838642000,0,0,0,0
0,2022-04-14,beauty_shop_1,95197.460000000,95197.460000000,25517.730000000,3494.401436000,0,0,0,0
0,2022-04-15,beauty_shop_1,125467.810000000,125467.810000000,25867.570000000,4235.067199000,0,0,0,0
0,2022-04-16,beauty_shop_1,88492.500000000,88492.500000000,21846.630000000,3153.639887000,0,0,0,0
0,2022-04-17,beauty_shop_1,67788.810000000,67788.810000000,20682.670000000,3253.922908000,0,0,0,0
0,2022-04-18,beauty_shop_1,72242.660000000,72242.660000000,19050.520000000,3967.994466000,0,0,0,0
0,2022-04-19,beauty_shop_1,80513.240000000,80513.240000000,17307.110000000,2633.649171000,0,0,0,0
0,2022-04-20,beauty_shop_1,60956.710000000,60956.710000000,16475.490000000,2741.666244000,0,0,0,0
0,2022-04-21,beauty_shop_1,62499.020000000,62499.020000000,15692.900000000,2732.581967000,0,0,0,0
0,2022-04-22,beauty_shop_1,74646.240000000,74646.240000000,16719.930000000,2712.611341000,0,0,0,0
0,2022-04-23,beauty_shop_1,78636.130000000,78636.130000000,19942.320000000,2776.777918000,0,0,0,0
0,2022-04-24,beauty_shop_1,71098.660000000,71098.660000000,24659.540000000,2650.454843000,0,0,0,0
0,2022-04-25,beauty_shop_1,102181.590000000,102181.590000000,19854.990000000,2977.465601000,738.600000000,0,0,0
0,2022-04-26,beauty_shop_1,76375.380000000,76375.380000000,18346.280000000,3004.784590000,817.880000000,0,0,0
0,2022-04-27,beauty_shop_1,79562.300000000,79562.300000000,19934.260000000,2765.716081000,813.810000000,0,0,0
0,2022-04-28,beauty_shop_1,115950.830000000,115950.830000000,19548.440000000,2892.430230000,819.130000000,0,0,0
0,2022-04-29,beauty_shop_1,91323.100000000,91323.100000000,19472.030000000,2268.492131000,811.880000000,0,0,0
0,2022-04-30,beauty_shop_1,84159.550000000,84159.550000000,20128.600000000,3163.043842000,813.160000000,0,0,0
0,2022-05-01,beauty_shop_1,73713.210000000,73713.210000000,22169.190000000,2747.328582000,819.190000000,0,0,0
0,2022-05-02,beauty_shop_1,67738.750000000,67738.750000000,19967.200000000,2993.666536000,814.020000000,0,0,0
0,2022-05-03,beauty_shop_1,221101.040000000,221101.040000000,29506.300000000,3163.727524000,809.030000000,0,0,0
0,2022-05-04,beauty_shop_1,191664.940000000,191664.940000000,40375.690000000,3849.948002000,809.640000000,0,0,0
0,2022-05-05,beauty_shop_1,199325.660000000,199325.660000000,32220.010000000,3714.425062000,1093.980000000,0,0,0
0,2022-05-06,beauty_shop_1,159905.070000000,159905.070000000,26756.110000000,3696.892881000,1199.700000000,0,0,0
0,2022-05-07,beauty_shop_1,65481.730000000,65481.730000000,15604.540000000,3169.018786000,519.320000000,0,0,0
0,2022-05-08,beauty_shop_1,53505.750000000,53505.750000000,15130.340000000,3000.137249000,522.410000000,0,0,0
0,2022-05-09,beauty_shop_1,52395.690000000,52395.690000000,12163.020000000,3041.439821000,524.070000000,0,0,0
0,2022-05-10,beauty_shop_1,75284.220000000,75284.220000000,13365.970000000,2937.638246000,514.730000000,0,0,0
0,2022-05-11,beauty_shop_1,73059.580000000,73059.580000000,17132.500000000,2843.580513000,519.470000000,0,0,0
0,2022-05-12,beauty_shop_1,63342.300000000,63342.300000000,17340.880000000,2809.840769000,714.310000000,0,0,0
0,2022-05-13,beauty_shop_1,79700.660000000,79700.660000000,19241.330000000,3136.399867000,710.490000000,0,0,0
0,2022-05-14,beauty_shop_1,71797.460000000,71797.460000000,21006.510000000,2664.918537000,711.800000000,0,0,0
0,2022-05-15,beauty_shop_1,99198.710000000,99198.710000000,22958.240000000,2845.250192000,716.060000000,0,0,0
0,2022-05-16,beauty_shop_1,78750.860000000,78750.860000000,22629.540000000,3139.464721000,714.820000000,0,0,0
0,2022-05-17,beauty_shop_1,87084.770000000,87084.770000000,21087.940000000,2470.874572000,714.300000000,0,0,0
0,2022-05-18,beauty_shop_1,68948.030000000,68948.030000000,20512.290000000,2585.683059000,721.560000000,0,0,0
0,2022-05-19,beauty_shop_1,69161.360000000,69161.360000000,18125.170000000,2947.035508000,671.140000000,0,0,0
0,2022-05-20,beauty_shop_1,70921.600000000,70921.600000000,17187.200000000,3034.443182000,716.890000000,0,0,0
0,2022-05-21,beauty_shop_1,62826.850000000,62826.850000000,17822.760000000,2873.337820000,719.240000000,0,0,0
0,2022-05-22,beauty_shop_1,74931.510000000,74931.510000000,18780.070000000,2987.207016000,711.340000000,0,0,0
0,2022-05-23,beauty_shop_1,56902.050000000,56902.050000000,15445.970000000,2856.871337000,715.610000000,0,0,0
0,2022-05-24,beauty_shop_1,67372.160000000,67372.160000000,14637.510000000,3514.774440000,723.790000000,0,0,0
0,2022-05-25,beauty_shop_1,91033.240000000,91033.240000000,19099.020000000,3437.859980000,841.250000000,0,0,0
0,2022-05-26,beauty_shop_1,102106.910000000,102106.910000000,26088.710000000,4036.648552000,1125.000000000,0,0,0
0,2022-05-27,beauty_shop_1,130939.160000000,130939.160000000,30134.450000000,3445.409180000,1383.260000000,0,0,0
0,2022-05-28,beauty_shop_1,112880.110000000,112880.110000000,26610.980000000,3677.346009000,1987.960000000,0,0,0
0,2022-05-29,beauty_shop_1,144646.770000000,144646.770000000,30274.000000000,3632.205496000,2186.010000000,0,0,0
0,2022-05-30,beauty_shop_1,193645.170000000,193645.170000000,34892.280000000,4647.482536000,2692.860000000,0,0,0
0,2022-05-31,beauty_shop_1,144910.440000000,144910.440000000,26470.720000000,3844.869598000,2075.210000000,0,0,0
0,2022-06-01,beauty_shop_1,65780.840000000,65780.840000000,17797.240000000,3450.437954000,888.440000000,0,0,0
0,2022-06-02,beauty_shop_1,69154.230000000,69154.230000000,16319.840000000,3560.339235000,897.040000000,0,0,0
0,2022-06-03,beauty_shop_1,64530.010000000,64530.010000000,16092.400000000,3139.605989000,1196.200000000,0,0,0
0,2022-06-04,beauty_shop_1,90406.000000000,90406.000000000,17358.050000000,2975.892288000,1199.020000000,0,0,0
0,2022-06-05,beauty_shop_1,99017.130000000,99017.130000000,19535.270000000,3037.299574000,1190.910000000,0,0,0
0,2022-06-06,beauty_shop_1,71342.780000000,71342.780000000,18363.670000000,3056.308469000,1632.860000000,0,0,0
0,2022-06-07,beauty_shop_1,79352.730000000,79352.730000000,18775.010000000,4174.675482000,1490.440000000,0,0,0
0,2022-06-08,beauty_shop_1,92202.030000000,92202.030000000,17728.290000000,3073.037914000,1400.000000000,0,0,0
0,2022-06-09,beauty_shop_1,90938.180000000,90938.180000000,18201.040000000,4415.015970000,1500.000000000,0,0,0
0,2022-06-10,beauty_shop_1,109347.660000000,109347.660000000,20398.040000000,3745.039287000,1996.870000000,0,0,0
0,2022-06-11,beauty_shop_1,102158.750000000,102158.750000000,23984.110000000,3819.744922000,1879.840000000,0,0,0
0,2022-06-12,beauty_shop_1,83588.870000000,83588.870000000,22250.070000000,3041.593455000,1200.000000000,0,0,0
0,2022-06-13,beauty_shop_1,67894.440000000,67894.440000000,15253.980000000,3066.976293000,1200.000000000,0,0,0
0,2022-06-14,beauty_shop_1,62597.990000000,62597.990000000,14219.140000000,2842.138730000,1198.800000000,0,0,0
0,2022-06-15,beauty_shop_1,77095.560000000,77095.560000000,15212.150000000,2900.104834000,1300.310000000,0,0,0
0,2022-06-16,beauty_shop_1,74270.830000000,74270.830000000,15115.410000000,2819.414319000,1295.560000000,0,0,0
0,2022-06-17,beauty_shop_1,100631.060000000,100631.060000000,20325.630000000,3868.155141000,1294.810000000,0,0,0
0,2022-06-18,beauty_shop_1,91118.920000000,91118.920000000,23526.500000000,2857.464037000,1720.110000000,0,0,0
0,2022-06-19,beauty_shop_1,82871.580000000,82871.580000000,25097.990000000,2142.684177000,1837.530000000,0,0,0
0,2022-06-20,beauty_shop_1,81098.590000000,81098.590000000,23120.760000000,1921.594694000,1000.000000000,0,0,0
0,2022-06-21,beauty_shop_1,69223.110000000,69223.110000000,22335.200000000,2364.773923000,1000.000000000,0,0,0
0,2022-06-22,beauty_shop_1,84868.560000000,84868.560000000,19555.830000000,3294.225088000,1000.000000000,0,0,0
0,2022-06-23,beauty_shop_1,77429.900000000,77429.900000000,18648.720000000,2612.686860000,1000.000000000,0,0,0
0,2022-06-24,beauty_shop_1,66390.430000000,66390.430000000,20745.790000000,2366.779488000,1000.000000000,0,0,0
0,2022-06-25,beauty_shop_1,93917.750000000,93917.750000000,22841.180000000,2429.062682000,1000.000000000,0,0,0
0,2022-06-26,beauty_shop_1,193560.000000000,193560.000000000,38037.730000000,3314.513333000,2392.440000000,0,0,0
0,2022-06-27,beauty_shop_1,202225.990000000,202225.990000000,36825.170000000,3367.685930000,3408.760000000,0,0,0
0,2022-06-28,beauty_shop_1,169899.000000000,169899.000000000,36901.890000000,5150.287989000,3482.000000000,0,0,0
0,2022-06-29,beauty_shop_1,161319.500000000,161319.500000000,27053.180000000,4863.909530000,1969.010000000,0,0,0
0,2022-06-30,beauty_shop_1,187193.250000000,187193.250000000,29970.770000000,4219.829564000,2000.000000000,0,0,0
0,2022-07-01,beauty_shop_1,195801.990000000,195801.990000000,33321.210000000,3746.735776000,1999.170000000,0,0,0
0,2022-07-02,beauty_shop_1,202967.000000000,202967.000000000,36407.370000000,4957.348328000,2130.450000000,0,0,0
0,2022-07-03,beauty_shop_1,196160.390000000,196160.390000000,45067.980000000,5521.254108000,1451.660000000,0,0,0
0,2022-07-04,beauty_shop_1,217201.810000000,217201.810000000,32987.950000000,5800.444049000,1002.090000000,0,0,0
0,2022-07-05,beauty_shop_1,196930.030000000,196930.030000000,40091.330000000,4464.364535000,2143.510000000,0,0,0
0,2022-07-06,beauty_shop_1,86449.910000000,86449.910000000,16647.670000000,3076.856294000,1000.000000000,0,0,0
0,2022-07-07,beauty_shop_1,99182.030000000,99182.030000000,16536.840000000,3233.279083000,1000.000000000,0,0,0
0,2022-07-08,beauty_shop_1,100523.160000000,100523.160000000,15955.480000000,2779.070272000,1000.000000000,0,0,0
0,2022-07-09,beauty_shop_1,101681.230000000,101681.230000000,17507.030000000,2701.793670000,1000.000000000,0,0,0
0,2022-07-10,beauty_shop_1,193113.610000000,193113.610000000,39439.770000000,3746.599120000,2000.000000000,0,0,0
0,2022-07-11,beauty_shop_1,160566.260000000,160566.260000000,44083.020000000,4767.892665000,1987.090000000,0,0,0
0,2022-07-12,beauty_shop_1,141364.930000000,141364.930000000,30906.040000000,3780.120899000,1690.000000000,0,0,0
0,2022-07-13,beauty_shop_1,136683.980000000,136683.980000000,26655.450000000,3634.369336000,1499.960000000,0,0,0
0,2022-07-14,beauty_shop_1,175147.870000000,175147.870000000,23509.810000000,3418.757203000,1490.170000000,0,0,0
0,2022-07-15,beauty_shop_1,94733.180000000,94733.180000000,16903.660000000,2936.761877000,1809.890000000,0,0,0
0,2022-07-16,beauty_shop_1,83060.700000000,83060.700000000,20044.220000000,3297.453245000,1500.000000000,0,0,0
0,2022-07-17,beauty_shop_1,89264.090000000,89264.090000000,19341.670000000,2499.753639000,1397.760000000,0,0,0
0,2022-07-18,beauty_shop_1,65109.720000000,65109.720000000,17450.720000000,3059.042278000,997.050000000,0,0,0
0,2022-07-19,beauty_shop_1,92962.690000000,92962.690000000,17486.320000000,2752.703892000,1498.770000000,0,0,0
0,2022-07-20,beauty_shop_1,89821.020000000,89821.020000000,17007.050000000,2817.314533000,1497.140000000,0,0,0
0,2022-07-21,beauty_shop_1,82218.210000000,82218.210000000,17022.670000000,2304.191215000,1500.000000000,0,0,0
0,2022-07-22,beauty_shop_1,71428.230000000,71428.230000000,17592.540000000,2749.372745000,1499.990000000,0,0,0
0,2022-07-23,beauty_shop_1,92286.900000000,92286.900000000,18602.040000000,2333.094820000,1455.440000000,0,0,0
0,2022-07-24,beauty_shop_1,85322.700000000,85322.700000000,18977.530000000,2509.921021000,1421.360000000,0,0,0
0,2022-07-25,beauty_shop_1,79336.680000000,79336.680000000,18003.280000000,2476.815075000,1388.270000000,0,0,0
0,2022-07-26,beauty_shop_1,64658.550000000,64658.550000000,17030.070000000,2223.595056000,1343.120000000,0,0,0
0,2022-07-27,beauty_shop_1,161698.540000000,161698.540000000,33489.000000000,3394.041345000,1316.480000000,0,0,0
0,2022-07-28,beauty_shop_1,135052.460000000,135052.460000000,27525.790000000,3654.715040000,1331.770000000,0,0,0
0,2022-07-29,beauty_shop_1,157109.550000000,157109.550000000,29399.380000000,3399.756898000,2058.880000000,0,0,0
0,2022-07-30,beauty_shop_1,115163.860000000,115163.860000000,18968.190000000,3024.019395000,1469.930000000,0,0,0
0,2022-07-31,beauty_shop_1,92523.310000000,92523.310000000,17147.440000000,2686.440542000,1426.720000000,0,0,0
0,2022-08-01,beauty_shop_1,93249.010000000,93249.010000000,17891.790000000,2930.240704000,1466.370000000,0,0,0
0,2022-08-02,beauty_shop_1,89361.880000000,89361.880000000,17162.410000000,2837.894566000,1493.940000000,0,0,0
0,2022-08-03,beauty_shop_1,106568.680000000,106568.680000000,17974.650000000,2738.557060000,1496.230000000,0,0,0
0,2022-08-04,beauty_shop_1,151756.230000000,151756.230000000,29123.960000000,2819.522359000,1469.660000000,0,0,0
0,2022-08-05,beauty_shop_1,221038.670000000,221038.670000000,39125.080000000,3930.773404000,1493.350000000,0,0,0
0,2022-08-06,beauty_shop_1,200301.560000000,200301.560000000,46299.120000000,3164.220043000,1487.020000000,0,0,0
0,2022-08-07,beauty_shop_1,186777.950000000,186777.950000000,43190.610000000,3643.296114000,1473.160000000,0,0,0
0,2022-08-08,beauty_shop_1,106176.060000000,106176.060000000,25450.330000000,2887.432064000,1466.090000000,0,0,0
0,2022-08-09,beauty_shop_1,106929.650000000,106929.650000000,19162.210000000,3148.705190000,1163.920000000,0,0,0
0,2022-08-10,beauty_shop_1,88972.770000000,88972.770000000,18150.390000000,2392.908410000,487.040000000,0,0,0
0,2022-08-11,beauty_shop_1,183232.600000000,183232.600000000,35740.160000000,3051.188322000,466.160000000,0,0,0
0,2022-08-12,beauty_shop_1,146455.600000000,146455.600000000,35071.920000000,3049.618909000,475.650000000,0,0,0
0,2022-08-13,beauty_shop_1,155611.580000000,155611.580000000,33480.670000000,3217.841496000,488.270000000,0,0,0
0,2022-08-14,beauty_shop_1,187037.890000000,187037.890000000,35017.200000000,3087.695802000,489.010000000,0,0,0
0,2022-08-15,beauty_shop_1,90772.630000000,90772.630000000,17280.060000000,3380.799778000,493.830000000,0,0,0
0,2022-08-16,beauty_shop_1,114737.380000000,114737.380000000,17300.540000000,3668.013843000,493.430000000,0,0,0
0,2022-08-17,beauty_shop_1,94672.400000000,94672.400000000,17456.100000000,3146.458416000,488.940000000,0,0,0
0,2022-08-18,beauty_shop_1,107347.810000000,107347.810000000,17870.390000000,2548.299284000,495.540000000,0,0,0
0,2022-08-19,beauty_shop_1,93996.570000000,93996.570000000,20562.400000000,3159.964405000,499.660000000,0,0,0
0,2022-08-20,beauty_shop_1,112817.850000000,112817.850000000,22594.550000000,3682.111815000,497.730000000,0,0,0
0,2022-08-21,beauty_shop_1,104597.470000000,104597.470000000,23845.070000000,3238.477803000,500.000000000,0,0,0
0,2022-08-22,beauty_shop_1,105379.970000000,105379.970000000,23229.450000000,2793.287634000,500.000000000,0,0,0
0,2022-08-23,beauty_shop_1,94103.900000000,94103.900000000,20864.560000000,2503.731653000,498.580000000,0,0,0
0,2022-08-24,beauty_shop_1,115080.220000000,115080.220000000,19637.710000000,3262.158126000,500.000000000,0,0,0
0,2022-08-25,beauty_shop_1,124993.300000000,124993.300000000,19703.680000000,2668.519556000,500.000000000,0,0,0
0,2022-08-26,beauty_shop_1,109143.680000000,109143.680000000,20497.490000000,3522.385509000,500.000000000,0,0,0
0,2022-08-27,beauty_shop_1,113855.970000000,113855.970000000,21222.190000000,2654.881751000,500.000000000,0,0,0
0,2022-08-28,beauty_shop_1,104567.730000000,104567.730000000,21803.770000000,2504.611270000,500.000000000,0,0,0
0,2022-08-29,beauty_shop_1,153586.470000000,153586.470000000,33306.830000000,3922.388059000,500.000000000,0,0,0
0,2022-08-30,beauty_shop_1,220823.670000000,220823.670000000,43590.360000000,3922.316448000,500.000000000,0,0,0
0,2022-08-31,beauty_shop_1,185921.420000000,185921.420000000,43340.100000000,3751.579763000,500.000000000,0,0,0
0,2022-09-01,beauty_shop_1,177463.880000000,177463.880000000,44107.500000000,3427.240294000,500.000000000,0,0,0
0,2022-09-02,beauty_shop_1,194503.430000000,194503.430000000,43833.570000000,3453.237926000,500.000000000,0,0,0
0,2022-09-03,beauty_shop_1,223373.980000000,223373.980000000,44861.190000000,4199.978867000,500.000000000,0,0,0
0,2022-09-04,beauty_shop_1,214738.540000000,214738.540000000,49321.640000000,4137.887990000,499.530000000,0,0,0
0,2022-09-05,beauty_shop_1,257852.580000000,257852.580000000,42696.860000000,4286.819316000,498.190000000,0,0,0
0,2022-09-06,beauty_shop_1,211537.690000000,211537.690000000,44714.660000000,4131.183742000,499.960000000,0,0,0
0,2022-09-07,beauty_shop_1,120749.700000000,120749.700000000,26067.220000000,3455.312257000,500.000000000,0,0,0
0,2022-09-08,beauty_shop_1,101229.180000000,101229.180000000,18784.840000000,3021.636028000,499.440000000,0,0,0
0,2022-09-09,beauty_shop_1,90247.770000000,90247.770000000,22886.560000000,2859.137200000,497.840000000,0,0,0
0,2022-09-10,beauty_shop_1,109749.550000000,109749.550000000,27403.960000000,5543.642933000,499.920000000,0,0,0
0,2022-09-11,beauty_shop_1,131318.130000000,131318.130000000,30293.460000000,6117.833275000,499.270000000,0,0,0
0,2022-09-12,beauty_shop_1,111028.200000000,111028.200000000,30491.300000000,4182.528367000,500.000000000,0,0,0
0,2022-09-13,beauty_shop_1,131341.670000000,131341.670000000,29809.960000000,3184.371571000,493.670000000,0,0,0
0,2022-09-14,beauty_shop_1,111921.110000000,111921.110000000,29253.300000000,2336.488302000,500.000000000,0,0,0
0,2022-09-15,beauty_shop_1,123454.730000000,123454.730000000,27676.150000000,2486.410754000,751.440000000,0,0,0
0,2022-09-16,beauty_shop_1,112820.400000000,112820.400000000,27584.830000000,2244.411138000,793.790000000,0,0,0
0,2022-09-17,beauty_shop_1,158001.160000000,158001.160000000,28138.720000000,2564.660327000,797.280000000,0,0,0
0,2022-09-18,beauty_shop_1,142451.460000000,142451.460000000,29526.850000000,3310.729459000,794.910000000,0,0,0
0,2022-09-19,beauty_shop_1,109464.380000000,109464.380000000,29184.100000000,2421.307933000,791.070000000,0,0,0
0,2022-09-20,beauty_shop_1,136633.780000000,136633.780000000,28092.730000000,2860.085372000,779.950000000,0,0,0
0,2022-09-21,beauty_shop_1,127545.750000000,127545.750000000,27690.890000000,4138.420154000,792.960000000,0,0,0
0,2022-09-22,beauty_shop_1,140701.460000000,140701.460000000,26894.630000000,4669.764669000,797.860000000,0,0,0
0,2022-09-23,beauty_shop_1,116119.800000000,116119.800000000,22275.070000000,3621.509433000,746.640000000,0,0,0
0,2022-09-24,beauty_shop_1,183959.290000000,183959.290000000,36653.000000000,3875.075501000,778.610000000,0,0,0
0,2022-09-25,beauty_shop_1,191825.500000000,191825.500000000,47343.730000000,8342.904004000,795.970000000,0,0,0
0,2022-09-26,beauty_shop_1,144753.840000000,144753.840000000,44926.250000000,2969.130587000,787.400000000,0,0,0
0,2022-09-27,beauty_shop_1,161848.350000000,161848.350000000,40908.290000000,2736.103917000,796.730000000,0,0,0
0,2022-09-28,beauty_shop_1,184529.810000000,184529.810000000,40429.560000000,3772.717247000,799.820000000,181.213602000,0,0
0,2022-09-29,beauty_shop_1,193867.520000000,193867.520000000,39460.690000000,2950.302158000,794.570000000,101.538748000,0,0
0,2022-09-30,beauty_shop_1,199005.740000000,199005.740000000,39004.580000000,2830.639288000,797.360000000,170.574399000,0,0
0,2022-10-01,beauty_shop_1,129305.430000000,129305.430000000,28671.230000000,2840.708101000,795.830000000,508.073384000,0,0
0,2022-10-02,beauty_shop_1,135707.740000000,135707.740000000,30716.090000000,2991.442292000,791.920000000,600.000000000,0,0
0,2022-10-03,beauty_shop_1,108613.080000000,108613.080000000,28918.460000000,2713.875836000,795.840000000,599.984323000,0,0
0,2022-10-04,beauty_shop_1,203425.290000000,203425.290000000,28687.460000000,3847.288829000,800.000000000,950.000000000,0,0
0,2022-10-05,beauty_shop_1,120333.230000000,120333.230000000,28116.730000000,4088.357816000,790.130000000,1200.000000000,0,0
0,2022-10-06,beauty_shop_1,117241.480000000,117241.480000000,26116.060000000,3423.798509000,785.450000000,600.000000000,0,0
0,2022-10-07,beauty_shop_1,160630.070000000,160630.070000000,26203.510000000,3612.666840000,798.520000000,600.000000000,0,0
0,2022-10-08,beauty_shop_1,158308.700000000,158308.700000000,26597.340000000,3233.104718000,796.790000000,1200.000000000,0,0
0,2022-10-09,beauty_shop_1,171651.110000000,171651.110000000,29062.150000000,3587.416876000,787.750000000,600.000000000,0,0
0,2022-10-10,beauty_shop_1,197589.610000000,197589.610000000,46136.190000000,3518.808772000,1102.510000000,1400.000000000,0,0
0,2022-10-11,beauty_shop_1,191531.600000000,191531.600000000,54703.020000000,3406.450320000,1199.520000000,2000.000000000,0,0
0,2022-10-12,beauty_shop_1,188289.090000000,188289.090000000,55330.340000000,4744.011360000,1194.650000000,1900.000000000,0,0
0,2022-10-13,beauty_shop_1,270870.530000000,270870.530000000,48592.870000000,4418.360565000,1188.770000000,1000.000000000,0,0
0,2022-10-14,beauty_shop_1,141723.370000000,141723.370000000,26372.830000000,3641.003123000,1560.750000000,1000.000000000,0,0
0,2022-10-15,beauty_shop_1,142244.030000000,142244.030000000,26347.190000000,4803.274339000,1585.380000000,1000.000000000,0,0
0,2022-10-16,beauty_shop_1,161283.850000000,161283.850000000,28445.580000000,4096.279879000,1590.430000000,2000.000000000,0,0
0,2022-10-17,beauty_shop_1,127584.130000000,127584.130000000,28015.830000000,4786.114716000,1874.620000000,1000.096831000,0,0
0,2022-10-18,beauty_shop_1,141045.670000000,141045.670000000,27217.620000000,3822.154119000,1957.980000000,1900.091560000,0,0
0,2022-10-19,beauty_shop_1,134110.770000000,134110.770000000,26683.560000000,2934.584843000,1977.060000000,1898.608761000,0,0
0,2022-10-20,beauty_shop_1,126924.720000000,126924.720000000,26533.350000000,3407.850084000,1970.760000000,1299.989250000,0,0
0,2022-10-21,beauty_shop_1,173041.790000000,173041.790000000,30601.360000000,4686.606442000,1993.020000000,1000.000000000,0,0
0,2022-10-22,beauty_shop_1,182128.770000000,182128.770000000,35645.500000000,3607.575050000,1986.300000000,1600.000000000,0,0
0,2022-10-23,beauty_shop_1,209939.850000000,209939.850000000,43029.270000000,3783.164280000,2000.000000000,1000.000000000,0,0
0,2022-10-24,beauty_shop_1,218175.620000000,218175.620000000,44660.820000000,3656.715072000,1992.220000000,1700.000000000,0,0
0,2022-10-25,beauty_shop_1,161596.960000000,161596.960000000,39928.260000000,4262.910928000,1975.150000000,1900.000000000,0,0
0,2022-10-26,beauty_shop_1,138313.290000000,138313.290000000,38987.650000000,4264.521589000,1989.470000000,1300.000000000,0,0
0,2022-10-27,beauty_shop_1,137910.050000000,137910.050000000,38469.830000000,3869.321642000,1981.940000000,1900.000000000,0,0
0,2022-10-28,beauty_shop_1,255679.170000000,255679.170000000,48355.110000000,2885.488465000,1998.050000000,1700.000000000,0,0
0,2022-10-29,beauty_shop_1,249999.100000000,249999.100000000,48646.950000000,3140.580238000,2000.000000000,1900.000000000,0,0
0,2022-10-30,beauty_shop_1,221142.620000000,221142.620000000,58506.960000000,3588.229427000,2157.710000000,1000.000000000,0,0
0,2022-10-31,beauty_shop_1,197980.020000000,197980.020000000,55332.640000000,3001.109913000,2500.000000000,1900.000000000,0,0
0,2022-11-01,beauty_shop_1,212313.270000000,212313.270000000,30771.740000000,5289.128802000,2499.850000000,1900.000000000,0,0
0,2022-11-02,beauty_shop_1,220947.040000000,220947.040000000,59739.180000000,3874.043720000,2589.380000000,1900.000000000,0,0
0,2022-11-03,beauty_shop_1,285706.220000000,285706.220000000,59220.920000000,3434.187767000,2748.050000000,1900.000000000,0,0
0,2022-11-04,beauty_shop_1,158364.870000000,158364.870000000,33275.540000000,2817.848148000,2739.310000000,1700.000000000,0,0
0,2022-11-05,beauty_shop_1,147605.640000000,147605.640000000,28344.980000000,3649.426337000,2750.000000000,1300.000000000,0,0
0,2022-11-06,beauty_shop_1,129663.180000000,129663.180000000,30184.980000000,3772.047799000,2750.000000000,1000.000000000,0,0
0,2022-11-07,beauty_shop_1,118405.270000000,118405.270000000,28378.380000000,2997.826280000,2648.710000000,1900.000000000,0,0
0,2022-11-08,beauty_shop_1,115878.110000000,115878.110000000,25708.550000000,2982.579680000,2750.000000000,1900.000000000,0,0
0,2022-11-09,beauty_shop_1,129715.150000000,129715.150000000,18310.670000000,2540.483654000,2874.370000000,1000.000000000,0,0
0,2022-11-10,beauty_shop_1,153373.570000000,153373.570000000,15945.990000000,3241.433486000,3406.240000000,1700.000000000,0,0
0,2022-11-11,beauty_shop_1,122127.340000000,122127.340000000,17329.770000000,2422.553562000,3500.000000000,999.846314000,0,0
0,2022-11-12,beauty_shop_1,144236.190000000,144236.190000000,20198.360000000,2731.172082000,3500.000000000,1000.000000000,0,0
0,2022-11-13,beauty_shop_1,153997.250000000,153997.250000000,25528.810000000,2323.136812000,4078.990000000,1900.000000000,0,0
0,2022-11-14,beauty_shop_1,171846.790000000,171846.790000000,29974.090000000,2637.202793000,4124.860000000,1300.000000000,0,0
0,2022-11-15,beauty_shop_1,159575.200000000,159575.200000000,33757.230000000,2639.437501000,4635.960000000,1000.000000000,0,0
0,2022-11-16,beauty_shop_1,164530.720000000,164530.720000000,33753.470000000,3141.255428000,5000.000000000,994.250343000,0,0
0,2022-11-17,beauty_shop_1,167119.480000000,167119.480000000,33341.470000000,3771.014607000,4988.740000000,900.112837000,0,0
0,2022-11-18,beauty_shop_1,457570.450000000,457570.450000000,52423.000000000,3924.019455000,5020.240000000,1500.000000000,0,0
0,2022-11-19,beauty_shop_1,450948.290000000,450948.290000000,65723.090000000,4760.602075000,6158.440000000,1400.000000000,0,0
0,2022-11-20,beauty_shop_1,495667.120000000,495667.120000000,84327.280000000,5281.763925000,7675.330000000,1400.000000000,0,0
0,2022-11-21,beauty_shop_1,368212.660000000,368212.660000000,79346.000000000,5175.751093000,7898.680000000,1400.043890000,0,0
0,2022-11-22,beauty_shop_1,322933.700000000,322933.700000000,64733.560000000,5095.294083000,7505.560000000,2500.000000000,0,0
0,2022-11-23,beauty_shop_1,347464.030000000,347464.030000000,64476.550000000,5100.853838000,7340.570000000,1400.000000000,0,0
0,2022-11-24,beauty_shop_1,402168.970000000,402168.970000000,90585.640000000,6598.613284000,7487.060000000,1400.000000000,0,0
0,2022-11-25,beauty_shop_1,846010.310000000,846010.310000000,188018.570000000,9537.197487000,7687.380000000,2700.000000000,0,0
0,2022-11-26,beauty_shop_1,546003.740000000,546003.740000000,111744.740000000,7860.755359000,7750.000000000,1400.046490000,0,0
0,2022-11-27,beauty_shop_1,511132.540000000,511132.540000000,101492.070000000,9100.672267000,7750.000000000,1400.000000000,0,0
0,2022-11-28,beauty_shop_1,617880.820000000,617880.820000000,103661.900000000,10002.771173000,5950.000000000,1636.859026000,0,0
0,2022-11-29,beauty_shop_1,364120.990000000,364120.990000000,71865.360000000,6354.176356000,5949.880000000,1000.399611000,0,0
0,2022-11-30,beauty_shop_1,403031.660000000,403031.660000000,60835.430000000,8363.270332000,5917.580000000,1000.205334000,0,0
0,2022-12-01,beauty_shop_1,199520.720000000,199520.720000000,39384.690000000,6384.722794000,5529.330000000,980.571204000,0,0
0,2022-12-02,beauty_shop_1,187463.030000000,187463.030000000,39807.490000000,6283.262666000,5396.440000000,2000.000000000,0,0
0,2022-12-03,beauty_shop_1,280432.690000000,280432.690000000,41067.620000000,6339.451443000,5500.000000000,2000.000000000,0,0
0,2022-12-04,beauty_shop_1,257205.670000000,257205.670000000,45692.020000000,6673.674735000,5498.490000000,1300.000000000,0,0
0,2022-12-05,beauty_shop_1,222628.610000000,222628.610000000,45985.320000000,5864.601973000,4861.430000000,1800.000000000,0,0
0,2022-12-06,beauty_shop_1,258178.650000000,258178.650000000,51594.260000000,6234.714462000,5440.160000000,1000.000000000,0,0
0,2022-12-07,beauty_shop_1,245153.960000000,245153.960000000,61621.500000000,6584.129694000,5496.710000000,1000.056447000,0,0
0,2022-12-08,beauty_shop_1,234901.770000000,234901.770000000,54337.590000000,4982.070369000,5000.000000000,1000.000000000,0,0
0,2022-12-09,beauty_shop_1,209971.730000000,209971.730000000,34448.600000000,5557.840582000,4000.000000000,1000.044331000,0,0
0,2022-12-10,beauty_shop_1,214086.450000000,214086.450000000,30926.800000000,7142.429901000,4000.000000000,1000.000000000,0,0
0,2022-12-11,beauty_shop_1,219635.080000000,219635.080000000,36086.190000000,6991.588690000,4000.000000000,1800.000000000,0,0
0,2022-12-12,beauty_shop_1,256517.940000000,256517.940000000,37716.060000000,6887.363237000,4000.000000000,2000.000000000,0,0
0,2022-12-13,beauty_shop_1,223707.360000000,223707.360000000,34365.980000000,6815.722820000,3984.020000000,1000.000000000,0,0
0,2022-12-14,beauty_shop_1,198129.980000000,198129.980000000,25211.710000000,5297.816739000,3000.000000000,1000.000000000,0,0
0,2022-12-15,beauty_shop_1,168628.190000000,168628.190000000,25343.120000000,5762.734156000,3000.000000000,1000.000000000,0,0
0,2022-12-16,beauty_shop_1,160582.970000000,160582.970000000,24920.420000000,6092.747653000,3000.000000000,1000.000000000,0,0
0,2022-12-17,beauty_shop_1,205929.290000000,205929.290000000,24514.000000000,4731.739461000,3000.000000000,1000.011128000,0,0
0,2022-12-18,beauty_shop_1,143713.620000000,143713.620000000,27646.010000000,4344.072047000,3000.000000000,1000.000000000,0,0
0,2022-12-19,beauty_shop_1,123757.260000000,123757.260000000,27034.730000000,4036.764376000,3000.000000000,2000.000000000,0,0
0,2022-12-20,beauty_shop_1,115215.390000000,115215.390000000,26870.840000000,5019.889872000,2000.000000000,449.843494000,0,0
0,2022-12-21,beauty_shop_1,126793.290000000,126793.290000000,25483.820000000,5986.782864000,2000.000000000,1000.008314000,0,0
0,2022-12-22,beauty_shop_1,134258.940000000,134258.940000000,28883.800000000,2534.233648000,2000.000000000,1000.000000000,0,0
0,2022-12-23,beauty_shop_1,153174.000000000,153174.000000000,37731.390000000,3325.432763000,1966.650000000,5.139574000,0,0
0,2022-12-24,beauty_shop_1,121286.110000000,121286.110000000,40251.900000000,2416.945179000,2000.000000000,0E-9,0,0
0,2022-12-25,beauty_shop_1,124336.990000000,124336.990000000,48344.570000000,2733.093292000,2000.000000000,0E-9,0,0
0,2022-12-26,beauty_shop_1,250590.750000000,250590.750000000,46245.060000000,4096.594773000,2000.000000000,0E-9,0,0
0,2022-12-27,beauty_shop_1,232456.670000000,232456.670000000,47037.310000000,4284.366918000,2016.090000000,0E-9,0,0
0,2022-12-28,beauty_shop_1,253607.890000000,253607.890000000,48503.090000000,4695.534924000,2500.000000000,0E-9,0,0
0,2022-12-29,beauty_shop_1,234635.950000000,234635.950000000,49754.410000000,4987.338281000,2883.050000000,0E-9,0,0
0,2022-12-30,beauty_shop_1,236789.460000000,236789.460000000,49829.490000000,5068.633977000,3150.870000000,0E-9,0,0
0,2022-12-31,beauty_shop_1,287065.790000000,287065.790000000,50592.940000000,4811.386922000,3774.150000000,0E-9,0,0
0,2023-01-01,beauty_shop_1,250173.700000000,250173.700000000,59585.830000000,4099.732352000,4275.680000000,0E-9,0,0
0,2023-01-02,beauty_shop_1,309982.880000000,309982.880000000,62627.900000000,5040.346873000,4600.000000000,0E-9,0,0
0,2023-01-03,beauty_shop_1,175385.260000000,175385.260000000,53281.730000000,3741.114594000,4600.000000000,0E-9,0,0
0,2023-01-04,beauty_shop_1,194691.210000000,194691.210000000,51266.190000000,3558.908620000,4827.720000000,0E-9,0,0
0,2023-01-05,beauty_shop_1,233169.650000000,233169.650000000,53124.170000000,3633.574958000,5098.780000000,0E-9,0,0
0,2023-01-06,beauty_shop_1,246308.750000000,246308.750000000,52442.430000000,3918.117265000,5100.000000000,0E-9,0,0
0,2023-01-07,beauty_shop_1,240450.000000000,240450.000000000,50916.240000000,4139.618231000,5096.220000000,0E-9,0,0
0,2023-01-08,beauty_shop_1,260291.050000000,260291.050000000,55727.370000000,3985.906088000,5098.900000000,0E-9,0,0
0,2023-01-09,beauty_shop_1,173991.740000000,173991.740000000,51100.350000000,4188.442332000,4464.250000000,0,0,0
0,2023-01-10,beauty_shop_1,178421.970000000,178421.970000000,47083.080000000,3952.593701000,4799.340000000,0E-9,0,0
0,2023-01-11,beauty_shop_1,185087.900000000,185087.900000000,39948.990000000,3753.275481000,3581.070000000,0E-9,0,0
0,2023-01-12,beauty_shop_1,180013.340000000,180013.340000000,40289.920000000,3253.403533000,2983.110000000,0E-9,0,0
0,2023-01-13,beauty_shop_1,196921.110000000,196921.110000000,40739.590000000,3613.573703000,2996.120000000,0E-9,0,0
0,2023-01-14,beauty_shop_1,240324.190000000,240324.190000000,41123.640000000,4739.527908000,2999.020000000,0E-9,0,0
0,2023-01-15,beauty_shop_1,275812.770000000,275812.770000000,44504.440000000,4563.216535000,2992.660000000,0E-9,0,0
0,2023-01-16,beauty_shop_1,272741.980000000,272741.980000000,42565.390000000,4404.694971000,2965.930000000,0E-9,0,0
0,2023-01-17,beauty_shop_1,226143.210000000,226143.210000000,41348.760000000,4399.436829000,2790.630000000,0E-9,0,0
0,2023-01-18,beauty_shop_1,255470.560000000,255470.560000000,39940.760000000,5221.722729000,3000.000000000,0E-9,0,0
0,2023-01-19,beauty_shop_1,208466.320000000,208466.320000000,39655.740000000,4425.935584000,2997.710000000,0E-9,0,0
0,2023-01-20,beauty_shop_1,203336.470000000,203336.470000000,40104.360000000,4544.894508000,2998.390000000,0E-9,0,0
0,2023-01-21,beauty_shop_1,186119.170000000,186119.170000000,35858.170000000,4907.411853000,2996.170000000,0E-9,0,0
0,2023-01-22,beauty_shop_1,229859.930000000,229859.930000000,36830.440000000,4750.149609000,2996.280000000,0,0,0
0,2023-01-23,beauty_shop_1,148655.230000000,148655.230000000,34197.470000000,3868.719129000,1979.080000000,0E-9,0,0
0,2023-01-24,beauty_shop_1,173294.780000000,173294.780000000,32494.030000000,4367.618123000,1799.220000000,0E-9,0,0
0,2023-01-25,beauty_shop_1,176132.890000000,176132.890000000,31919.950000000,3851.909143000,1800.000000000,0E-9,0,0
0,2023-01-26,beauty_shop_1,178801.520000000,178801.520000000,33657.710000000,3824.485397000,1800.000000000,0E-9,0,0
0,2023-01-27,beauty_shop_1,282465.070000000,282465.070000000,43377.400000000,4095.733138000,1927.670000000,0E-9,0,0
0,2023-01-28,beauty_shop_1,252191.820000000,252191.820000000,50570.550000000,5460.684230000,2293.770000000,0E-9,0,0
0,2023-01-29,beauty_shop_1,277334.460000000,277334.460000000,57225.400000000,6624.558940000,2491.910000000,0E-9,0,0
0,2023-01-30,beauty_shop_1,200734.180000000,200734.180000000,49412.300000000,5887.587490000,2497.970000000,0E-9,0,0
0,2022-01-02,beauty_shop_2,468769.930000000,468769.930000000,116949.050000000,37364.380759000,2775.000000000,3000.000000000,0,0
0,2022-01-03,beauty_shop_2,395455.510000000,395455.510000000,114443.350000000,34574.200341000,2900.000000000,3032.607323000,0,0
0,2022-01-04,beauty_shop_2,416588.670000000,416588.670000000,120620.050000000,35085.598945000,2800.000000000,3000.000000000,0,0
0,2022-01-05,beauty_shop_2,398908.780000000,398908.780000000,123490.580000000,33940.129567000,2800.000000000,3812.634235000,0,0
0,2022-01-06,beauty_shop_2,388845.810000000,388845.810000000,122018.890000000,33038.435389000,2629.740000000,4878.715312000,0,0
0,2022-01-07,beauty_shop_2,386849.840000000,386849.840000000,114172.260000000,32841.925554000,2600.170000000,3077.637264000,0,0
0,2022-01-08,beauty_shop_2,385529.530000000,385529.530000000,108126.620000000,35088.325741000,2528.800000000,3140.780924000,0,0
0,2022-01-09,beauty_shop_2,477183.960000000,477183.960000000,110654.280000000,36540.480596000,2059.440000000,3061.052842000,0,0
0,2022-01-10,beauty_shop_2,277912.450000000,277912.450000000,80029.440000000,26824.294558000,2300.000000000,2627.104056000,0,0
0,2022-01-11,beauty_shop_2,262372.250000000,262372.250000000,80935.680000000,26097.325862000,2078.950000000,2400.053784000,0,0
0,2022-01-12,beauty_shop_2,273650.470000000,273650.470000000,79419.280000000,24645.949150000,1734.980000000,2400.000000000,0,0
0,2022-01-13,beauty_shop_2,274791.650000000,274791.650000000,78207.640000000,23747.813368000,1816.290000000,2400.000000000,0,0
0,2022-01-14,beauty_shop_2,281241.280000000,281241.280000000,80340.140000000,21040.662678000,2140.890000000,3714.207425000,0,0
0,2022-01-15,beauty_shop_2,305649.120000000,305649.120000000,82686.400000000,21712.490921000,2150.000000000,2000.154467000,0,0
0,2022-01-16,beauty_shop_2,317748.030000000,317748.030000000,86214.840000000,23864.990868000,1759.190000000,2243.422444000,0,0
0,2022-01-17,beauty_shop_2,294707.980000000,294707.980000000,80905.000000000,22433.992022000,1330.120000000,2000.000000000,0,0
0,2022-01-18,beauty_shop_2,297672.490000000,297672.490000000,74173.490000000,20632.792121000,1099.490000000,2000.000000000,0,0
0,2022-01-19,beauty_shop_2,310271.140000000,310271.140000000,79942.850000000,21454.308075000,1132.460000000,3118.790788000,0,0
0,2022-01-20,beauty_shop_2,320467.710000000,320467.710000000,84688.970000000,20614.450812000,1075.770000000,2850.791815000,0,0
0,2022-01-21,beauty_shop_2,308274.750000000,308274.750000000,84039.930000000,19575.415674000,1307.600000000,1997.290270000,0,0
0,2022-01-22,beauty_shop_2,317590.160000000,317590.160000000,80151.830000000,20227.066850000,1468.230000000,2763.649867000,0,0
0,2022-01-23,beauty_shop_2,331383.650000000,331383.650000000,86166.890000000,21651.303938000,1574.860000000,2033.953550000,0,0
0,2022-01-24,beauty_shop_2,364565.870000000,364565.870000000,82712.650000000,22258.649106000,1380.590000000,2248.383239000,0,0
0,2022-01-25,beauty_shop_2,329311.400000000,329311.400000000,78617.720000000,26800.658948000,1279.600000000,1664.506785000,0,0
0,2022-01-26,beauty_shop_2,414770.580000000,414770.580000000,68070.100000000,24880.395088000,1319.670000000,1459.247190000,0,0
0,2022-01-27,beauty_shop_2,396153.660000000,396153.660000000,70671.120000000,24018.764269000,1763.510000000,2107.043607000,0,0
0,2022-01-28,beauty_shop_2,357751.310000000,357751.310000000,71328.190000000,22069.000319000,1776.530000000,1665.947774000,0,0
0,2022-01-29,beauty_shop_2,418374.750000000,418374.750000000,71228.480000000,24911.648646000,1775.730000000,1653.285520000,0,0
0,2022-01-30,beauty_shop_2,462733.160000000,462733.160000000,71463.050000000,29192.030266000,1767.220000000,3084.895823000,0,0
0,2022-01-31,beauty_shop_2,329906.650000000,329906.650000000,66886.430000000,24967.102397000,1838.640000000,3166.154357000,0,0
0,2022-02-01,beauty_shop_2,338539.730000000,338539.730000000,65219.070000000,26071.905012000,1555.970000000,2023.691034000,0,0
0,2022-02-02,beauty_shop_2,329691.860000000,329691.860000000,62668.250000000,26258.668552000,1309.740000000,1709.047611000,0,0
0,2022-02-03,beauty_shop_2,322410.490000000,322410.490000000,61917.850000000,26420.579738000,1343.630000000,1905.755981000,0,0
0,2022-02-04,beauty_shop_2,304916.250000000,304916.250000000,63641.770000000,25183.164668000,1674.750000000,2470.461296000,0,0
0,2022-02-05,beauty_shop_2,336546.080000000,336546.080000000,63975.860000000,28321.524668000,1841.400000000,2463.753981000,0,0
0,2022-02-06,beauty_shop_2,315979.970000000,315979.970000000,66536.580000000,30688.286925000,1572.460000000,3094.786401000,0,0
0,2022-02-07,beauty_shop_2,302096.140000000,302096.140000000,60200.110000000,25566.047334000,1578.770000000,3962.706631000,0,0
0,2022-02-08,beauty_shop_2,309864.640000000,309864.640000000,61024.520000000,26943.774658000,1722.080000000,3472.353975000,0,0
0,2022-02-09,beauty_shop_2,313365.710000000,313365.710000000,58929.260000000,25746.577228000,1962.660000000,4100.550518000,0,0
0,2022-02-10,beauty_shop_2,289666.730000000,289666.730000000,59471.930000000,24441.081764000,2207.980000000,4614.876718000,0,0
0,2022-02-11,beauty_shop_2,262884.150000000,262884.150000000,62283.050000000,20780.207575000,1982.010000000,4971.919843000,0,0
0,2022-02-12,beauty_shop_2,303577.570000000,303577.570000000,60552.430000000,22440.173383000,2044.130000000,4809.858506000,0,0
0,2022-02-13,beauty_shop_2,291895.670000000,291895.670000000,65811.270000000,23410.664280000,1903.590000000,3129.843352000,0,0
0,2022-02-14,beauty_shop_2,263525.200000000,263525.200000000,62966.680000000,17898.260574000,1877.120000000,3238.029674000,0,0
0,2022-02-15,beauty_shop_2,333072.220000000,333072.220000000,64707.810000000,23637.842030000,1855.050000000,5466.982867000,0,0
0,2022-02-16,beauty_shop_2,324134.620000000,324134.620000000,64638.970000000,31180.666036000,1917.800000000,3744.638652000,0,0
0,2022-02-17,beauty_shop_2,310956.310000000,310956.310000000,64228.540000000,33591.804091000,1875.650000000,4262.238558000,0,0
0,2022-02-18,beauty_shop_2,291074.890000000,291074.890000000,62698.600000000,31015.871731000,1912.000000000,4895.253460000,0,0
0,2022-02-19,beauty_shop_2,312929.650000000,312929.650000000,68272.650000000,33022.280731000,1885.790000000,5160.641727000,0,0
0,2022-02-20,beauty_shop_2,315635.450000000,315635.450000000,75904.030000000,31532.264639000,1882.400000000,3200.019859000,0,0
0,2022-02-21,beauty_shop_2,295913.710000000,295913.710000000,75150.630000000,29525.468106000,1523.000000000,5268.208360000,0,0
0,2022-02-22,beauty_shop_2,322312.380000000,322312.380000000,78087.450000000,28460.793416000,1415.740000000,4166.238888000,0,0
0,2022-02-23,beauty_shop_2,354081.230000000,354081.230000000,76922.690000000,30171.571285000,1443.950000000,4286.699965000,0,0
0,2022-02-24,beauty_shop_2,491028.490000000,491028.490000000,85096.840000000,35144.270624000,1241.220000000,3190.573541000,0,0
0,2022-02-25,beauty_shop_2,417015.150000000,417015.150000000,87636.330000000,34592.855730000,1900.000000000,4873.393727000,0,0
0,2022-02-26,beauty_shop_2,492971.050000000,492971.050000000,83298.280000000,39970.580560000,1900.000000000,3150.000000000,0,0
0,2022-02-27,beauty_shop_2,553947.160000000,553947.160000000,85622.560000000,43796.304641000,1900.000000000,3274.148967000,0,0
0,2022-02-28,beauty_shop_2,865922.030000000,865922.030000000,83299.690000000,39551.461379000,2473.250000000,3015.895181000,0,0
0,2022-03-01,beauty_shop_2,377241.520000000,377241.520000000,71349.080000000,33000.105528000,2398.370000000,5096.484191000,0,0
0,2022-03-02,beauty_shop_2,314175.080000000,314175.080000000,65942.520000000,31485.185780000,2394.310000000,2244.706373000,0,0
0,2022-03-03,beauty_shop_2,321841.980000000,321841.980000000,64561.030000000,26667.105278000,2275.540000000,2020.339480000,0,0
0,2022-03-04,beauty_shop_2,307728.290000000,307728.290000000,65389.380000000,24158.518803000,2300.000000000,1803.723173000,0,0
0,2022-03-05,beauty_shop_2,312232.420000000,312232.420000000,64458.210000000,26476.583470000,2193.130000000,2050.344653000,0,0
0,2022-03-06,beauty_shop_2,324909.650000000,324909.650000000,67064.650000000,28509.434244000,1859.440000000,1757.790210000,0,0
0,2022-03-07,beauty_shop_2,302393.860000000,302393.860000000,73102.920000000,25239.976748000,1449.870000000,2381.631145000,0,0
0,2022-03-08,beauty_shop_2,289995.670000000,289995.670000000,79733.300000000,25974.500890000,1517.830000000,3046.680017000,0,0
0,2022-03-09,beauty_shop_2,293844.900000000,293844.900000000,83172.010000000,23472.086839000,1477.800000000,3103.608315000,0,0
0,2022-03-10,beauty_shop_2,290221.190000000,290221.190000000,91450.290000000,22840.723348000,256.190000000,2831.458600000,0,0
0,2022-03-11,beauty_shop_2,256077.470000000,256077.470000000,87248.300000000,23210.127833000,1406.960000000,2806.839738000,0,0
0,2022-03-12,beauty_shop_2,305464.640000000,305464.640000000,82507.430000000,25844.617860000,1510.890000000,2828.843440000,0,0
0,2022-03-13,beauty_shop_2,312611.310000000,312611.310000000,83296.790000000,29218.694469000,1540.650000000,2827.674633000,0,0
0,2022-03-14,beauty_shop_2,272685.100000000,272685.100000000,81513.710000000,26557.047646000,960.360000000,2805.348402000,0,0
0,2022-03-15,beauty_shop_2,312121.230000000,312121.230000000,79511.300000000,27851.119042000,1396.170000000,4570.240354000,0,0
0,2022-03-16,beauty_shop_2,303356.910000000,303356.910000000,73495.670000000,28971.924881000,1936.310000000,2800.000000000,0,0
0,2022-03-17,beauty_shop_2,315465.240000000,315465.240000000,76417.360000000,25901.971465000,0,3077.844273000,0,0
0,2022-03-18,beauty_shop_2,304830.210000000,304830.210000000,78410.270000000,23945.876545000,2691.750000000,2829.726867000,0,0
0,2022-03-19,beauty_shop_2,301173.960000000,301173.960000000,75889.000000000,27595.038209000,2624.970000000,4168.001093000,0,0
0,2022-03-20,beauty_shop_2,333100.600000000,333100.600000000,78190.690000000,31904.486819000,2694.470000000,2800.000000000,0,0
0,2022-03-21,beauty_shop_2,313549.400000000,313549.400000000,78203.870000000,29121.405639000,2572.250000000,3039.880050000,0,0
0,2022-03-22,beauty_shop_2,314218.640000000,314218.640000000,76680.900000000,26800.704463000,0,2800.066041000,0,0
0,2022-03-23,beauty_shop_2,436421.970000000,436421.970000000,92124.720000000,30781.276753000,3341.820000000,2815.968802000,0,0
0,2022-03-24,beauty_shop_2,512561.790000000,512561.790000000,94238.000000000,33225.522561000,2487.530000000,2680.029287000,0,0
0,2022-03-25,beauty_shop_2,432042.350000000,432042.350000000,91948.400000000,34447.947176000,2799.870000000,2600.039176000,0,0
0,2022-03-26,beauty_shop_2,453997.180000000,453997.180000000,89378.570000000,38394.556156000,2798.630000000,2600.000000000,0,0
0,2022-03-27,beauty_shop_2,479414.420000000,479414.420000000,88164.320000000,43097.167504000,2799.540000000,2600.000000000,0,0
0,2022-03-28,beauty_shop_2,550446.000000000,550446.000000000,84235.160000000,32687.676089000,2549.010000000,2746.947601000,0,0
0,2022-03-29,beauty_shop_2,319423.570000000,319423.570000000,86068.670000000,31025.287856000,2550.000000000,2744.485275000,0,0
0,2022-03-30,beauty_shop_2,376416.380000000,376416.380000000,81453.680000000,30088.919818000,2849.400000000,2760.801635000,0,0
0,2022-03-31,beauty_shop_2,288770.650000000,288770.650000000,85370.610000000,30735.458001000,3199.270000000,2650.535818000,0,0
0,2022-04-01,beauty_shop_2,365318.820000000,365318.820000000,87477.520000000,33125.258019000,2903.780000000,2650.058961000,0,0
0,2022-04-02,beauty_shop_2,431084.400000000,431084.400000000,86349.960000000,33955.084475000,2937.010000000,2987.989682000,0,0
0,2022-04-03,beauty_shop_2,471730.740000000,471730.740000000,91856.990000000,36858.011313000,2722.630000000,2873.696799000,0,0
0,2022-04-04,beauty_shop_2,323377.140000000,323377.140000000,70219.680000000,32431.425549000,2275.130000000,2850.000000000,0,0
0,2022-04-05,beauty_shop_2,309601.010000000,309601.010000000,66418.270000000,29235.042778000,2260.410000000,2393.054624000,0,0
0,2022-04-06,beauty_shop_2,297223.930000000,297223.930000000,64690.480000000,28070.432277000,2496.890000000,2327.721837000,0,0
0,2022-04-07,beauty_shop_2,272556.740000000,272556.740000000,65153.750000000,26154.793154000,2569.510000000,2618.790887000,0,0
0,2022-04-08,beauty_shop_2,258192.650000000,258192.650000000,61575.680000000,23341.721192000,2669.540000000,2819.044156000,0,0
0,2022-04-09,beauty_shop_2,273052.180000000,273052.180000000,60154.250000000,24335.454139000,2669.310000000,1986.420107000,0,0
0,2022-04-10,beauty_shop_2,286430.300000000,286430.300000000,64144.560000000,25786.767328000,2666.550000000,2023.783818000,0,0
0,2022-04-11,beauty_shop_2,247052.700000000,247052.700000000,60383.360000000,24776.162913000,2770.140000000,2000.000000000,0,0
0,2022-04-12,beauty_shop_2,280634.070000000,280634.070000000,61128.290000000,22865.711632000,2608.050000000,1993.647512000,0,0
0,2022-04-13,beauty_shop_2,204326.590000000,204326.590000000,59598.480000000,18876.677913000,1981.290000000,3583.747080000,0,0
0,2022-04-14,beauty_shop_2,272137.330000000,272137.330000000,59051.140000000,18481.783690000,1911.810000000,2068.023563000,0,0
0,2022-04-15,beauty_shop_2,272288.070000000,272288.070000000,60405.260000000,24866.546755000,2522.520000000,2073.037824000,0,0
0,2022-04-16,beauty_shop_2,280193.400000000,280193.400000000,60322.770000000,26018.128005000,2516.760000000,2060.442336000,0,0
0,2022-04-17,beauty_shop_2,276440.280000000,276440.280000000,64688.150000000,28373.865221000,2522.240000000,1822.625961000,0,0
0,2022-04-18,beauty_shop_2,275595.730000000,275595.730000000,63208.010000000,28418.754119000,3596.940000000,2215.173756000,0,0
0,2022-04-19,beauty_shop_2,272762.260000000,272762.260000000,61551.690000000,25715.628282000,3593.950000000,2141.515183000,0,0
0,2022-04-20,beauty_shop_2,288010.160000000,288010.160000000,62324.880000000,24459.375499000,3592.680000000,2077.278594000,0,0
0,2022-04-21,beauty_shop_2,278965.710000000,278965.710000000,63170.120000000,24807.438181000,3550.320000000,1528.548943000,0,0
0,2022-04-22,beauty_shop_2,317267.570000000,317267.570000000,68658.290000000,25329.671429000,3561.380000000,1964.520234000,0,0
0,2022-04-23,beauty_shop_2,322299.260000000,322299.260000000,70763.410000000,27559.914606000,4265.960000000,1550.000000000,0,0
0,2022-04-24,beauty_shop_2,365753.960000000,365753.960000000,76743.450000000,31279.008634000,4251.950000000,1550.000000000,0,0
0,2022-04-25,beauty_shop_2,343513.910000000,343513.910000000,70496.000000000,31212.264582000,4551.750000000,2511.583011000,0,0
0,2022-04-26,beauty_shop_2,385212.470000000,385212.470000000,63503.600000000,25058.066707000,4983.060000000,2227.885251000,0,0
0,2022-04-27,beauty_shop_2,317458.810000000,317458.810000000,58509.890000000,26579.988114000,4289.940000000,1550.000000000,0,0
0,2022-04-28,beauty_shop_2,389578.340000000,389578.340000000,57010.950000000,25233.786690000,3120.730000000,1547.869338000,0,0
0,2022-04-29,beauty_shop_2,217663.570000000,217663.570000000,55631.000000000,25143.930582000,3000.000000000,1545.195949000,0,0
0,2022-04-30,beauty_shop_2,319726.920000000,319726.920000000,58978.240000000,26610.227982000,3000.000000000,1533.865264000,0,0
0,2022-05-01,beauty_shop_2,303406.240000000,303406.240000000,62083.840000000,29667.935144000,2598.670000000,1549.744946000,0,0
0,2022-05-02,beauty_shop_2,284872.770000000,284872.770000000,59964.590000000,33354.771512000,2935.980000000,1665.778858000,0,0
0,2022-05-03,beauty_shop_2,291241.110000000,291241.110000000,58839.530000000,32330.969517000,2818.450000000,1828.313149000,0,0
0,2022-05-04,beauty_shop_2,268558.070000000,268558.070000000,60493.450000000,30750.325370000,2039.250000000,1800.000000000,0,0
0,2022-05-05,beauty_shop_2,259076.990000000,259076.990000000,60009.880000000,36133.821406000,3030.360000000,2350.000000000,0,0
0,2022-05-06,beauty_shop_2,269408.010000000,269408.010000000,59475.620000000,31202.933395000,2649.310000000,2350.000000000,0,0
0,2022-05-07,beauty_shop_2,268216.550000000,268216.550000000,59927.340000000,29434.287712000,2650.000000000,2100.000000000,0,0
0,2022-05-08,beauty_shop_2,249782.590000000,249782.590000000,64955.320000000,28359.094793000,2643.850000000,2100.000000000,0,0
0,2022-05-09,beauty_shop_2,293907.020000000,293907.020000000,62486.810000000,28747.105324000,2499.120000000,1762.867248000,0,0
0,2022-05-10,beauty_shop_2,281040.220000000,281040.220000000,61703.360000000,31086.455434000,2649.960000000,2481.286723000,0,0
0,2022-05-11,beauty_shop_2,275681.600000000,275681.600000000,60556.570000000,30597.026198000,2494.540000000,2002.760163000,0,0
0,2022-05-12,beauty_shop_2,279050.940000000,279050.940000000,58576.350000000,28567.066092000,2497.750000000,2000.000000000,0,0
0,2022-05-13,beauty_shop_2,255539.490000000,255539.490000000,62024.660000000,26440.782758000,2535.040000000,2000.000000000,0,0
0,2022-05-14,beauty_shop_2,288925.670000000,288925.670000000,63472.580000000,30791.845069000,2450.000000000,2998.129622000,0,0
0,2022-05-15,beauty_shop_2,305094.130000000,305094.130000000,67634.520000000,35955.464558000,2448.320000000,2634.075112000,0,0
0,2022-05-16,beauty_shop_2,279003.030000000,279003.030000000,62648.300000000,33202.107055000,2046.440000000,2000.000000000,0,0
0,2022-05-17,beauty_shop_2,287066.230000000,287066.230000000,62116.290000000,31430.712178000,2038.750000000,5708.393379000,0,0
0,2022-05-18,beauty_shop_2,276339.450000000,276339.450000000,61281.130000000,31835.999830000,2039.960000000,4003.470509000,0,0
0,2022-05-19,beauty_shop_2,286573.440000000,286573.440000000,59706.040000000,28660.649478000,3231.600000000,4000.000000000,0,0
0,2022-05-20,beauty_shop_2,310777.750000000,310777.750000000,66975.360000000,29872.390739000,3650.000000000,2000.000000000,0,0
0,2022-05-21,beauty_shop_2,462282.120000000,462282.120000000,79100.560000000,36054.981459000,3643.530000000,4000.000000000,0,0
0,2022-05-22,beauty_shop_2,493850.930000000,493850.930000000,97185.590000000,47764.731647000,3640.440000000,4000.000000000,0,0
0,2022-05-23,beauty_shop_2,405699.190000000,405699.190000000,90332.480000000,48755.012989000,4850.000000000,2000.000000000,0,0
0,2022-05-24,beauty_shop_2,403953.180000000,403953.180000000,88963.360000000,41840.103316000,4837.560000000,2000.000000000,0,0
0,2022-05-25,beauty_shop_2,398292.290000000,398292.290000000,86978.820000000,39897.917630000,4850.000000000,2000.000000000,0,0
0,2022-05-26,beauty_shop_2,438858.180000000,438858.180000000,78856.100000000,34155.141258000,4850.000000000,2000.000000000,0,0
0,2022-05-27,beauty_shop_2,447715.390000000,447715.390000000,81385.690000000,31727.139503000,3685.220000000,2000.000000000,0,0
0,2022-05-28,beauty_shop_2,536518.930000000,536518.930000000,84484.520000000,38239.489937000,3284.550000000,2000.000000000,0,0
0,2022-05-29,beauty_shop_2,424151.340000000,424151.340000000,96549.030000000,43206.328700000,3497.270000000,2000.000000000,0,0
0,2022-05-30,beauty_shop_2,504266.120000000,504266.120000000,97002.910000000,44196.245171000,2799.200000000,2000.000000000,0,0
0,2022-05-31,beauty_shop_2,445190.840000000,445190.840000000,86760.230000000,40978.788417000,2004.330000000,2000.000000000,0,0
0,2022-06-01,beauty_shop_2,320349.280000000,320349.280000000,62307.620000000,30526.302530000,1697.950000000,4000.000000000,0,0
0,2022-06-02,beauty_shop_2,297903.270000000,297903.270000000,58803.900000000,31209.203751000,1699.710000000,2000.000000000,0,0
0,2022-06-03,beauty_shop_2,338418.990000000,338418.990000000,58800.530000000,26683.470178000,1700.000000000,1500.827236000,0,0
0,2022-06-04,beauty_shop_2,289293.230000000,289293.230000000,60071.330000000,25384.304363000,1700.000000000,1500.015585000,0,0
0,2022-06-05,beauty_shop_2,273500.340000000,273500.340000000,63088.990000000,27694.692918000,1699.480000000,1556.295085000,0,0
0,2022-06-06,beauty_shop_2,263820.720000000,263820.720000000,56122.510000000,27797.023127000,1499.630000000,1500.000000000,0,0
0,2022-06-07,beauty_shop_2,268071.830000000,268071.830000000,58173.280000000,29912.803006000,1649.900000000,2820.836624000,0,0
0,2022-06-08,beauty_shop_2,265521.430000000,265521.430000000,62289.890000000,26834.853656000,2217.090000000,1908.622399000,0,0
0,2022-06-09,beauty_shop_2,260323.300000000,260323.300000000,61448.740000000,26487.796917000,2647.950000000,3000.000000000,0,0
0,2022-06-10,beauty_shop_2,283222.250000000,283222.250000000,68013.670000000,22795.810657000,3038.650000000,1893.355342000,0,0
0,2022-06-11,beauty_shop_2,275937.830000000,275937.830000000,69900.990000000,23845.185174000,3013.380000000,2606.910204000,0,0
0,2022-06-12,beauty_shop_2,299696.280000000,299696.280000000,72546.780000000,26313.396202000,3049.970000000,1500.000000000,0,0
0,2022-06-13,beauty_shop_2,264104.700000000,264104.700000000,69100.590000000,25432.786906000,2643.840000000,2200.000000000,0,0
0,2022-06-14,beauty_shop_2,279066.010000000,279066.010000000,68576.490000000,26680.388914000,1799.880000000,2200.000000000,0,0
0,2022-06-15,beauty_shop_2,329120.150000000,329120.150000000,71434.500000000,27381.321039000,1376.660000000,3790.997141000,0,0
0,2022-06-16,beauty_shop_2,297015.710000000,297015.710000000,73316.650000000,25614.896172000,2196.680000000,4421.503897000,0,0
0,2022-06-17,beauty_shop_2,281105.410000000,281105.410000000,71164.070000000,25970.002063000,2200.000000000,2628.565859000,0,0
0,2022-06-18,beauty_shop_2,283578.150000000,283578.150000000,71758.130000000,23051.848915000,2200.000000000,2500.000000000,0,0
0,2022-06-19,beauty_shop_2,280051.290000000,280051.290000000,76352.430000000,22736.904454000,2199.150000000,4602.452378000,0,0
0,2022-06-20,beauty_shop_2,281440.470000000,281440.470000000,72606.120000000,22504.975565000,2199.120000000,2618.429515000,0,0
0,2022-06-21,beauty_shop_2,317349.450000000,317349.450000000,70796.500000000,22365.375356000,2176.620000000,2629.526407000,0,0
0,2022-06-22,beauty_shop_2,334382.150000000,334382.150000000,69524.930000000,20066.842055000,2194.310000000,2500.000000000,0,0
0,2022-06-23,beauty_shop_2,320601.850000000,320601.850000000,69692.240000000,21348.796769000,2503.350000000,1748.869728000,0,0
0,2022-06-24,beauty_shop_2,320152.100000000,320152.100000000,78061.360000000,20043.074506000,2537.430000000,1094.157086000,0,0
0,2022-06-25,beauty_shop_2,404037.680000000,404037.680000000,94160.210000000,28787.279527000,3065.170000000,3380.662194000,0,0
0,2022-06-26,beauty_shop_2,429448.260000000,429448.260000000,112419.210000000,35320.121053000,3019.540000000,4435.080407000,0,0
0,2022-06-27,beauty_shop_2,400390.890000000,400390.890000000,108089.490000000,35672.432396000,2972.260000000,2983.439436000,0,0
0,2022-06-28,beauty_shop_2,435510.090000000,435510.090000000,101427.210000000,37498.747380000,3099.260000000,2905.191146000,0,0
0,2022-06-29,beauty_shop_2,323448.680000000,323448.680000000,84792.810000000,37636.703314000,3067.920000000,1925.932540000,0,0
0,2022-06-30,beauty_shop_2,416593.030000000,416593.030000000,97550.370000000,36877.685616000,3095.100000000,2772.127054000,0,0
0,2022-07-01,beauty_shop_2,360735.100000000,360735.100000000,98601.760000000,33126.531310000,3091.840000000,3278.523121000,0,0
0,2022-07-02,beauty_shop_2,368281.980000000,368281.980000000,102102.090000000,34963.410166000,3089.570000000,2107.669386000,0,0
0,2022-07-03,beauty_shop_2,355131.870000000,355131.870000000,106868.980000000,36302.058125000,3097.050000000,2774.131047000,0,0
0,2022-07-04,beauty_shop_2,389655.790000000,389655.790000000,104424.410000000,33324.820303000,2777.930000000,4700.000000000,0,0
0,2022-07-05,beauty_shop_2,411683.820000000,411683.820000000,99617.760000000,38831.567068000,2191.630000000,2831.558482000,0,0
0,2022-07-06,beauty_shop_2,303686.620000000,303686.620000000,75613.970000000,34278.469935000,2195.660000000,4347.986825000,0,0
0,2022-07-07,beauty_shop_2,280515.360000000,280515.360000000,79474.730000000,37072.670841000,2199.910000000,4571.549613000,0,0
0,2022-07-08,beauty_shop_2,273925.980000000,273925.980000000,78793.590000000,29732.711803000,2191.570000000,4333.525164000,0,0
0,2022-07-09,beauty_shop_2,293929.710000000,293929.710000000,80009.010000000,28366.229528000,2167.790000000,4124.875614000,0,0
0,2022-07-10,beauty_shop_2,296850.280000000,296850.280000000,82979.450000000,30463.135396000,2190.150000000,3039.451214000,0,0
0,2022-07-11,beauty_shop_2,271096.210000000,271096.210000000,77823.430000000,27285.958669000,1641.970000000,1951.818884000,0,0
0,2022-07-12,beauty_shop_2,255416.510000000,255416.510000000,69338.400000000,23999.297729000,1672.540000000,1950.098682000,0,0
0,2022-07-13,beauty_shop_2,249287.950000000,249287.950000000,66264.170000000,21615.217723000,1674.800000000,3747.653159000,0,0
0,2022-07-14,beauty_shop_2,288995.390000000,288995.390000000,64635.340000000,20918.980022000,1698.520000000,3899.886281000,0,0
0,2022-07-15,beauty_shop_2,289437.640000000,289437.640000000,67505.030000000,17351.944828000,1695.990000000,3884.881464000,0,0
0,2022-07-16,beauty_shop_2,281602.690000000,281602.690000000,69917.660000000,16650.292039000,1671.630000000,3330.137009000,0,0
0,2022-07-17,beauty_shop_2,293654.650000000,293654.650000000,71877.350000000,19880.555276000,903.250000000,2310.289806000,0,0
0,2022-07-18,beauty_shop_2,278243.370000000,278243.370000000,69412.750000000,18742.264406000,1057.780000000,1575.472071000,0,0
0,2022-07-19,beauty_shop_2,295087.620000000,295087.620000000,67132.850000000,18038.514975000,1495.310000000,1318.191054000,0,0
0,2022-07-20,beauty_shop_2,306296.920000000,306296.920000000,65379.500000000,20009.452378000,1677.150000000,1996.408298000,0,0
0,2022-07-21,beauty_shop_2,327840.580000000,327840.580000000,65114.760000000,22028.426233000,1667.470000000,1761.547587000,0,0
0,2022-07-22,beauty_shop_2,317428.680000000,317428.680000000,68951.680000000,22793.137557000,1682.830000000,2011.787853000,0,0
0,2022-07-23,beauty_shop_2,324473.870000000,324473.870000000,71597.130000000,21940.701680000,1689.770000000,4202.657067000,0,0
0,2022-07-24,beauty_shop_2,344769.470000000,344769.470000000,74685.400000000,28202.181960000,1676.000000000,2500.000000000,0,0
0,2022-07-25,beauty_shop_2,330832.640000000,330832.640000000,71813.620000000,30065.052132000,1745.720000000,4700.000000000,0,0
0,2022-07-26,beauty_shop_2,330828.500000000,330828.500000000,68670.150000000,31043.892215000,2230.380000000,2693.556816000,0,0
0,2022-07-27,beauty_shop_2,353388.900000000,353388.900000000,67225.670000000,32318.905846000,1917.450000000,2235.619602000,0,0
0,2022-07-28,beauty_shop_2,366987.580000000,366987.580000000,66420.770000000,32388.201626000,1865.370000000,2300.643538000,0,0
0,2022-07-29,beauty_shop_2,315475.290000000,315475.290000000,65934.760000000,31370.377224000,2340.550000000,4042.284295000,0,0
0,2022-07-30,beauty_shop_2,381351.640000000,381351.640000000,68851.870000000,32428.889029000,2285.880000000,2300.000000000,0,0
0,2022-07-31,beauty_shop_2,274577.150000000,274577.150000000,71274.070000000,34765.944178000,2197.770000000,2300.000000000,0,0
0,2022-08-01,beauty_shop_2,331284.460000000,331284.460000000,70170.600000000,33675.870557000,2447.090000000,2300.000000000,0,0
0,2022-08-02,beauty_shop_2,343352.110000000,343352.110000000,67022.230000000,35151.361389000,2450.330000000,2816.519814000,0,0
0,2022-08-03,beauty_shop_2,324736.670000000,324736.670000000,66289.400000000,36115.782025000,2467.300000000,4300.000000000,0,0
0,2022-08-04,beauty_shop_2,303548.530000000,303548.530000000,69007.340000000,34823.558313000,1905.000000000,4004.054699000,0,0
0,2022-08-05,beauty_shop_2,294948.200000000,294948.200000000,69586.390000000,32987.103734000,2786.560000000,2143.082252000,1699.646841000,0
0,2022-08-06,beauty_shop_2,315355.690000000,315355.690000000,70836.240000000,32842.124062000,2790.500000000,2300.000000000,1699.841524000,0
0,2022-08-07,beauty_shop_2,327250.080000000,327250.080000000,75665.110000000,36186.518034000,2794.950000000,2150.000000000,1699.774374000,0
0,2022-08-08,beauty_shop_2,305196.610000000,305196.610000000,75192.230000000,36008.120027000,2288.660000000,2150.000000000,1549.972689000,0
0,2022-08-09,beauty_shop_2,309313.450000000,309313.450000000,70650.870000000,36472.606859000,2281.770000000,1963.927229000,1665.138175000,0
0,2022-08-10,beauty_shop_2,322431.540000000,322431.540000000,66115.540000000,35243.357727000,2982.980000000,2300.000000000,1649.913616000,0
0,2022-08-11,beauty_shop_2,299078.740000000,299078.740000000,61815.060000000,32610.859766000,2934.690000000,2100.386103000,1339.290130000,0
0,2022-08-12,beauty_shop_2,283879.210000000,283879.210000000,58083.690000000,27710.661634000,2942.070000000,1539.001938000,1349.421297000,0
0,2022-08-13,beauty_shop_2,289407.290000000,289407.290000000,52792.560000000,27881.047942000,2988.220000000,2414.905940000,1325.171596000,0
0,2022-08-14,beauty_shop_2,328347.680000000,328347.680000000,56380.130000000,31260.474109000,2995.700000000,3854.834522000,1333.850718000,0
0,2022-08-15,beauty_shop_2,318865.750000000,318865.750000000,55487.680000000,30152.073636000,3066.380000000,2100.000000000,1359.256153000,0
0,2022-08-16,beauty_shop_2,300491.640000000,300491.640000000,53768.920000000,34251.019483000,3082.860000000,2100.000000000,1293.580257000,0
0,2022-08-17,beauty_shop_2,290110.240000000,290110.240000000,53105.250000000,34309.351385000,3090.790000000,1950.000000000,1432.504401000,0
0,2022-08-18,beauty_shop_2,304101.790000000,304101.790000000,51932.430000000,35469.560142000,3205.490000000,2100.003853000,1449.899577000,0
0,2022-08-19,beauty_shop_2,288748.780000000,288748.780000000,53125.350000000,36113.547469000,3390.520000000,2100.000000000,1426.005201000,0
0,2022-08-20,beauty_shop_2,333988.490000000,333988.490000000,55415.050000000,35996.715058000,3402.370000000,2100.000000000,1349.995508000,0
0,2022-08-21,beauty_shop_2,350558.080000000,350558.080000000,56083.300000000,38900.956569000,3260.110000000,2100.000000000,1349.669216000,0
0,2022-08-22,beauty_shop_2,322177.680000000,322177.680000000,57278.820000000,34321.078844000,3126.100000000,2100.000000000,1422.172914000,0
0,2022-08-23,beauty_shop_2,337917.010000000,337917.010000000,57644.990000000,36158.875960000,3065.950000000,3497.191602000,1296.564366000,0
0,2022-08-24,beauty_shop_2,539895.670000000,539895.670000000,68330.290000000,37465.328404000,3028.960000000,2173.124976000,1296.444841000,0
0,2022-08-25,beauty_shop_2,480557.250000000,480557.250000000,77127.740000000,42626.431842000,3399.910000000,1923.609516000,1299.632632000,0
0,2022-08-26,beauty_shop_2,517055.510000000,517055.510000000,82761.040000000,41268.048014000,3171.140000000,1528.851388000,1300.000000000,0
0,2022-08-27,beauty_shop_2,470608.480000000,470608.480000000,84838.320000000,48770.822505000,3337.830000000,2962.643527000,1299.998178000,0
0,2022-08-28,beauty_shop_2,542984.110000000,542984.110000000,86394.670000000,57090.968949000,2784.780000000,2000.000000000,1295.962918000,0
0,2022-08-29,beauty_shop_2,473838.050000000,473838.050000000,87391.790000000,48951.898300000,3441.700000000,3463.938526000,1298.010962000,0
0,2022-08-30,beauty_shop_2,410290.040000000,410290.040000000,87070.870000000,48991.767561000,3479.800000000,3510.423529000,1781.414725000,0
0,2022-08-31,beauty_shop_2,369647.790000000,369647.790000000,86208.350000000,47479.639790000,3466.370000000,2149.440204000,1799.749936000,0
0,2022-09-01,beauty_shop_2,398752.040000000,398752.040000000,94493.030000000,45984.301358000,3569.200000000,3535.460531000,1699.957086000,0
0,2022-09-02,beauty_shop_2,375203.860000000,375203.860000000,97184.610000000,38486.762962000,3824.620000000,3556.684460000,1598.902258000,0
0,2022-09-03,beauty_shop_2,404096.150000000,404096.150000000,98538.010000000,40324.006849000,3819.830000000,3588.412691000,1599.841699000,0
0,2022-09-04,beauty_shop_2,400049.660000000,400049.660000000,93135.370000000,46985.157153000,3816.240000000,2082.449006000,1595.037929000,0
0,2022-09-05,beauty_shop_2,542111.940000000,542111.940000000,98296.280000000,51776.606012000,4088.620000000,3659.049756000,1793.257590000,0
0,2022-09-06,beauty_shop_2,486277.700000000,486277.700000000,91285.290000000,49515.522622000,4157.900000000,3678.684392000,1799.864108000,0
0,2022-09-07,beauty_shop_2,312651.990000000,312651.990000000,70355.500000000,39369.573883000,3823.800000000,2000.000000000,1699.920322000,0
0,2022-09-08,beauty_shop_2,274497.230000000,274497.230000000,68348.300000000,39761.058051000,3762.640000000,3700.000000000,1699.934001000,0
0,2022-09-09,beauty_shop_2,263204.490000000,263204.490000000,67081.360000000,33482.993392000,3493.880000000,2000.000000000,1696.327051000,0
0,2022-09-10,beauty_shop_2,281426.530000000,281426.530000000,66442.520000000,30933.739007000,3407.360000000,3700.000000000,1699.889583000,0
0,2022-09-11,beauty_shop_2,294065.830000000,294065.830000000,67601.020000000,34194.033061000,3527.600000000,3700.000000000,1699.993426000,0
0,2022-09-12,beauty_shop_2,254297.490000000,254297.490000000,67356.880000000,29970.396013000,3625.330000000,3550.000000000,1642.231526000,0
0,2022-09-13,beauty_shop_2,288535.630000000,288535.630000000,65959.470000000,29938.066902000,3768.280000000,2000.000000000,1050.000000000,0
0,2022-09-14,beauty_shop_2,285065.270000000,285065.270000000,63604.470000000,27271.768847000,3897.550000000,3700.000000000,1045.030026000,0
0,2022-09-15,beauty_shop_2,289477.310000000,289477.310000000,64205.350000000,26110.226652000,3791.600000000,3700.000000000,1050.000000000,0
0,2022-09-16,beauty_shop_2,265694.780000000,265694.780000000,64354.370000000,22883.549894000,3781.840000000,1850.000000000,1049.937013000,0
0,2022-09-17,beauty_shop_2,275158.780000000,275158.780000000,59216.960000000,25524.640060000,3767.610000000,1884.294435000,1049.797311000,0
0,2022-09-18,beauty_shop_2,302710.440000000,302710.440000000,68455.880000000,30281.580559000,3785.930000000,3700.000000000,1049.967018000,0
0,2022-09-19,beauty_shop_2,284186.180000000,284186.180000000,67488.850000000,30172.108914000,3452.890000000,3700.000000000,1049.995726000,0
0,2022-09-20,beauty_shop_2,309161.760000000,309161.760000000,67602.050000000,29672.998985000,3431.180000000,1850.000000000,1549.859350000,0
0,2022-09-21,beauty_shop_2,329578.580000000,329578.580000000,67643.310000000,30424.321343000,3169.640000000,1850.000000000,1538.461001000,0
0,2022-09-22,beauty_shop_2,307971.630000000,307971.630000000,68043.020000000,29643.502028000,3194.880000000,4000.000000000,1549.854021000,0
0,2022-09-23,beauty_shop_2,308057.780000000,308057.780000000,69924.950000000,31495.467698000,2971.150000000,2150.000000000,1549.863094000,0
0,2022-09-24,beauty_shop_2,340060.670000000,340060.670000000,70980.720000000,36213.919582000,3156.680000000,4000.000000000,1549.767678000,0
0,2022-09-25,beauty_shop_2,367679.020000000,367679.020000000,72063.210000000,39239.068292000,3184.430000000,4000.000000000,1549.855252000,0
0,2022-09-26,beauty_shop_2,361653.090000000,361653.090000000,71856.960000000,41474.438059000,3183.900000000,4000.000000000,1549.783286000,0
0,2022-09-27,beauty_shop_2,369355.510000000,369355.510000000,69634.970000000,40529.802372000,3188.820000000,1992.873109000,1549.687243000,0
0,2022-09-28,beauty_shop_2,398453.530000000,398453.530000000,68943.680000000,38121.127880000,3184.300000000,2464.110356000,1549.852996000,0
0,2022-09-29,beauty_shop_2,454688.300000000,454688.300000000,68844.170000000,38524.583151000,3196.900000000,3953.588522000,1549.797425000,0
0,2022-09-30,beauty_shop_2,488041.590000000,488041.590000000,69583.260000000,37279.425862000,3592.720000000,2518.208389000,1728.459381000,0
0,2022-10-01,beauty_shop_2,433959.120000000,433959.120000000,69983.160000000,39807.999366000,3590.750000000,2492.624855000,1549.932240000,0
0,2022-10-02,beauty_shop_2,414572.770000000,414572.770000000,72699.390000000,44627.136971000,3589.320000000,2380.365480000,1549.838150000,0
0,2022-10-03,beauty_shop_2,383095.650000000,383095.650000000,71179.200000000,47387.954252000,3328.750000000,2453.500830000,1499.667494000,0
0,2022-10-04,beauty_shop_2,423330.310000000,423330.310000000,68897.300000000,37195.930594000,3769.030000000,5598.781514000,740.297805000,0
0,2022-10-05,beauty_shop_2,417419.250000000,417419.250000000,67457.090000000,38072.988555000,3778.010000000,5684.063092000,0,0
0,2022-10-06,beauty_shop_2,328442.280000000,328442.280000000,63234.900000000,37679.220350000,3702.200000000,5454.349845000,0,0
0,2022-10-07,beauty_shop_2,273397.290000000,273397.290000000,63923.740000000,34690.490036000,2935.270000000,2361.937239000,0,0
0,2022-10-08,beauty_shop_2,276815.550000000,276815.550000000,64887.960000000,36565.924841000,2920.040000000,4151.363970000,0,0
0,2022-10-09,beauty_shop_2,280583.830000000,280583.830000000,68527.940000000,40330.083854000,2934.110000000,2150.000000000,0,0
0,2022-10-10,beauty_shop_2,275205.240000000,275205.240000000,67095.100000000,37378.277356000,2702.350000000,2150.000000000,0,0
0,2022-10-11,beauty_shop_2,271126.880000000,271126.880000000,68828.580000000,34058.236038000,2907.080000000,2150.000000000,0,0
0,2022-10-12,beauty_shop_2,263149.530000000,263149.530000000,71145.110000000,33973.122322000,2897.600000000,2150.000000000,0,0
0,2022-10-13,beauty_shop_2,299177.530000000,299177.530000000,72390.610000000,33220.143807000,2950.940000000,1660.524547000,0,0
0,2022-10-14,beauty_shop_2,285380.330000000,285380.330000000,72798.140000000,30614.232757000,3371.600000000,397.227117000,0,0
0,2022-10-15,beauty_shop_2,309941.300000000,309941.300000000,76292.680000000,33265.594637000,3429.460000000,4001.692740000,0,0
0,2022-10-16,beauty_shop_2,295241.030000000,295241.030000000,80858.330000000,40462.856320000,3369.270000000,4000.000000000,0,0
0,2022-10-17,beauty_shop_2,292045.900000000,292045.900000000,77692.420000000,40308.049578000,3314.300000000,4054.622336000,0,0
0,2022-10-18,beauty_shop_2,296108.890000000,296108.890000000,76704.640000000,37672.438159000,4271.810000000,4300.000000000,0,0
0,2022-10-19,beauty_shop_2,305792.050000000,305792.050000000,78124.510000000,37363.596890000,4596.910000000,4300.000000000,0,0
0,2022-10-20,beauty_shop_2,327607.480000000,327607.480000000,79389.000000000,35956.995656000,3418.050000000,4300.000000000,0,0
0,2022-10-21,beauty_shop_2,302527.640000000,302527.640000000,80068.260000000,33569.897419000,3289.220000000,4300.000000000,0,0
0,2022-10-22,beauty_shop_2,319547.280000000,319547.280000000,82317.200000000,35598.960293000,3287.180000000,4295.467206000,0,0
0,2022-10-23,beauty_shop_2,356692.840000000,356692.840000000,87045.800000000,42312.525561000,3289.960000000,3316.477254000,0,0
0,2022-10-24,beauty_shop_2,345890.160000000,345890.160000000,85822.310000000,42606.104652000,3602.060000000,4300.000000000,0,0
0,2022-10-25,beauty_shop_2,316865.090000000,316865.090000000,83090.140000000,42186.861870000,3190.000000000,3566.844673000,0,0
0,2022-10-26,beauty_shop_2,315595.760000000,315595.760000000,82353.180000000,41698.968772000,3122.680000000,3956.322746000,0,0
0,2022-10-27,beauty_shop_2,328354.820000000,328354.820000000,81437.510000000,38764.078517000,3046.320000000,3627.799639000,0,0
0,2022-10-28,beauty_shop_2,389430.080000000,389430.080000000,78408.330000000,36219.524889000,3547.680000000,2523.715334000,0,0
0,2022-10-29,beauty_shop_2,312307.240000000,312307.240000000,78703.000000000,37327.821858000,3898.260000000,3297.655480000,0,0
0,2022-10-30,beauty_shop_2,386274.750000000,386274.750000000,85264.820000000,44463.772605000,4050.220000000,3300.000000000,0,0
0,2022-10-31,beauty_shop_2,251475.080000000,251475.080000000,77963.520000000,36281.898805000,2822.750000000,3300.000000000,0,0
0,2022-11-01,beauty_shop_2,364554.530000000,364554.530000000,78670.040000000,41431.632146000,3265.430000000,2215.457126000,0,0
0,2022-11-02,beauty_shop_2,331781.670000000,331781.670000000,76533.370000000,44996.873284000,5553.390000000,3304.945068000,0,0
0,2022-11-03,beauty_shop_2,325342.540000000,325342.540000000,80996.980000000,41598.704715000,9199.090000000,2850.595970000,0,0
0,2022-11-04,beauty_shop_2,329502.010000000,329502.010000000,81399.360000000,37253.380692000,9263.990000000,3320.000000000,0,0
0,2022-11-05,beauty_shop_2,348720.740000000,348720.740000000,79992.490000000,43543.262059000,9989.250000000,3320.000000000,0,0
0,2022-11-06,beauty_shop_2,353303.350000000,353303.350000000,84230.180000000,50847.153170000,9490.230000000,1660.000000000,0,0
0,2022-11-07,beauty_shop_2,307616.240000000,307616.240000000,79912.170000000,45356.256334000,9735.320000000,1810.000000000,0,0
0,2022-11-08,beauty_shop_2,306505.910000000,306505.910000000,78742.820000000,41504.991755000,12357.630000000,3319.042528000,0,0
0,2022-11-09,beauty_shop_2,318599.970000000,318599.970000000,77504.700000000,38004.133731000,13423.390000000,3320.000000000,0,0
0,2022-11-10,beauty_shop_2,317909.810000000,317909.810000000,84994.800000000,38133.938354000,13492.880000000,3320.000000000,0,0
0,2022-11-11,beauty_shop_2,413678.010000000,413678.010000000,105848.550000000,40658.127465000,7525.000000000,1265.850790000,0,0
0,2022-11-12,beauty_shop_2,398481.300000000,398481.300000000,104401.520000000,47686.446319000,7482.380000000,2704.864433000,0,0
0,2022-11-13,beauty_shop_2,411108.910000000,411108.910000000,101336.340000000,54781.164244000,7522.000000000,2294.910160000,0,0
0,2022-11-14,beauty_shop_2,390630.060000000,390630.060000000,99463.010000000,52003.628509000,8556.580000000,3354.861070000,0,0
0,2022-11-15,beauty_shop_2,386847.180000000,386847.180000000,98294.240000000,52461.918399000,8541.880000000,2865.419630000,0,0
0,2022-11-16,beauty_shop_2,372748.850000000,372748.850000000,94598.490000000,51362.435457000,9440.160000000,3077.752068000,0,0
0,2022-11-17,beauty_shop_2,499385.300000000,499385.300000000,95196.720000000,57981.859181000,10243.690000000,2314.129990000,0,0
0,2022-11-18,beauty_shop_2,468012.980000000,468012.980000000,100102.790000000,62733.002391000,10642.560000000,2307.288608000,0,0
0,2022-11-19,beauty_shop_2,518106.390000000,518106.390000000,159816.400000000,73463.550401000,12308.990000000,3300.000000000,0,0
0,2022-11-20,beauty_shop_2,585766.510000000,585766.510000000,168505.100000000,77542.825936000,13774.190000000,3000.011863000,0,0
0,2022-11-21,beauty_shop_2,529724.310000000,529724.310000000,158355.590000000,84163.870641000,13787.540000000,4500.000000000,0,0
0,2022-11-22,beauty_shop_2,552055.320000000,552055.320000000,157472.590000000,85517.005359000,14583.530000000,3221.141265000,0,0
0,2022-11-23,beauty_shop_2,640587.900000000,640587.900000000,158907.860000000,87084.878406000,14846.590000000,5389.979539000,0,0
0,2022-11-24,beauty_shop_2,725260.380000000,725260.380000000,185577.910000000,112429.751332000,15498.230000000,2935.514898000,0,0
0,2022-11-25,beauty_shop_2,1689884.680000000,1689884.680000000,290385.100000000,197968.895226000,19760.060000000,4850.000000000,0,4425.910000000
0,2022-11-26,beauty_shop_2,948717.830000000,948717.830000000,254906.750000000,157628.338776000,21220.130000000,8296.025465000,0,4718.920000000
0,2022-11-27,beauty_shop_2,917139.820000000,917139.820000000,201512.450000000,180321.158004000,20028.120000000,4588.999739000,0,4471.420000000
0,2022-11-28,beauty_shop_2,1254706.530000000,1254706.530000000,192012.420000000,153581.267988000,19742.760000000,4401.378332000,0,3794.960000000
0,2022-11-29,beauty_shop_2,487381.010000000,487381.010000000,83514.390000000,62590.590739000,5398.730000000,1708.632838000,0,2543.420000000
0,2022-11-30,beauty_shop_2,449646.790000000,449646.790000000,65679.340000000,57881.424101000,5396.870000000,1677.944140000,0,2607.260000000
0,2022-12-01,beauty_shop_2,406255.610000000,406255.610000000,67674.110000000,55538.897852000,5399.610000000,1417.587298000,0,2529.550000000
0,2022-12-02,beauty_shop_2,380562.220000000,380562.220000000,72418.400000000,44556.739372000,5400.000000000,1837.832819000,0,3299.640000000
0,2022-12-03,beauty_shop_2,404867.950000000,404867.950000000,73170.250000000,49345.662670000,5399.890000000,1897.825454000,0,3468.030000000
0,2022-12-04,beauty_shop_2,523312.110000000,523312.110000000,74487.520000000,45774.014586000,5397.710000000,1958.394010000,0,3661.460000000
0,2022-12-05,beauty_shop_2,360476.930000000,360476.930000000,68071.200000000,39125.105797000,7235.640000000,1500.513380000,0,3064.590000000
0,2022-12-06,beauty_shop_2,290584.400000000,290584.400000000,58557.160000000,45723.732692000,2989.640000000,1000.000000000,0,2710.980000000
0,2022-12-07,beauty_shop_2,265313.100000000,265313.100000000,58076.910000000,42258.892745000,2996.770000000,1000.000000000,0,3125.300000000
0,2022-12-08,beauty_shop_2,254359.220000000,254359.220000000,57316.880000000,36755.485244000,2305.800000000,1000.000000000,0,2566.880000000
0,2022-12-09,beauty_shop_2,262237.290000000,262237.290000000,60219.480000000,39246.782421000,2150.000000000,1824.549314000,0,3336.740000000
0,2022-12-10,beauty_shop_2,290219.420000000,290219.420000000,62220.200000000,36200.671992000,2150.000000000,1568.069160000,0,4096.180000000
0,2022-12-11,beauty_shop_2,300515.320000000,300515.320000000,64347.980000000,36912.540939000,2150.000000000,1786.619244000,0,4065.570000000
0,2022-12-12,beauty_shop_2,295703.180000000,295703.180000000,64394.350000000,35811.620103000,2983.480000000,547.178038000,0,3258.410000000
0,2022-12-13,beauty_shop_2,275342.740000000,275342.740000000,68615.690000000,33085.286142000,3150.000000000,1594.067926000,0,3244.710000000
0,2022-12-14,beauty_shop_2,286625.380000000,286625.380000000,71227.880000000,34904.994967000,3150.000000000,841.132821000,0,3849.470000000
0,2022-12-15,beauty_shop_2,311680.160000000,311680.160000000,70423.700000000,32303.229619000,5159.440000000,1022.558854000,0,3560.430000000
0,2022-12-16,beauty_shop_2,283934.460000000,283934.460000000,68520.520000000,29684.170491000,6500.000000000,830.957282000,0,3608.720000000
0,2022-12-17,beauty_shop_2,319846.290000000,319846.290000000,69058.140000000,31200.240589000,6500.000000000,4.270158000,0,4334.660000000
0,2022-12-18,beauty_shop_2,331779.270000000,331779.270000000,73240.000000000,33215.653450000,6500.000000000,0E-9,0,4388.410000000
0,2022-12-19,beauty_shop_2,325611.230000000,325611.230000000,68746.880000000,36279.238891000,8129.030000000,0E-9,0,4134.480000000
0,2022-12-20,beauty_shop_2,314774.250000000,314774.250000000,63914.690000000,35421.044765000,9228.180000000,0E-9,0,4931.340000000
0,2022-12-21,beauty_shop_2,316401.290000000,316401.290000000,61512.970000000,32079.232143000,10000.000000000,0E-9,0,5129.910000000
0,2022-12-22,beauty_shop_2,324342.320000000,324342.320000000,61502.990000000,29032.722029000,10000.000000000,0E-9,0,5006.060000000
0,2022-12-23,beauty_shop_2,322427.530000000,322427.530000000,63867.650000000,27291.710303000,11581.970000000,0E-9,0,3913.410000000
0,2022-12-24,beauty_shop_2,311806.660000000,311806.660000000,63552.110000000,24021.877360000,11977.740000000,0E-9,0,3461.240000000
0,2022-12-25,beauty_shop_2,407635.400000000,407635.400000000,67272.370000000,34137.797058000,12000.000000000,0E-9,0,4463.470000000
0,2022-12-26,beauty_shop_2,453033.570000000,453033.570000000,68433.220000000,46792.550390000,11983.330000000,0E-9,0,4864.930000000
0,2022-12-27,beauty_shop_2,551307.350000000,551307.350000000,85099.750000000,48046.581653000,14702.640000000,0E-9,0,5294.920000000
0,2022-12-28,beauty_shop_2,593861.830000000,593861.830000000,88075.550000000,51031.855352000,16000.000000000,0E-9,0,5584.480000000
0,2022-12-29,beauty_shop_2,465449.550000000,465449.550000000,86783.750000000,49453.684394000,15890.570000000,0E-9,0,5558.650000000
0,2022-12-30,beauty_shop_2,494819.240000000,494819.240000000,94531.310000000,46508.494603000,13788.530000000,0E-9,0,6041.000000000
0,2022-12-31,beauty_shop_2,436785.890000000,436785.890000000,96838.860000000,45157.348473000,13998.410000000,0E-9,0,5534.490000000
0,2023-01-01,beauty_shop_2,456968.460000000,456968.460000000,101629.840000000,58496.768867000,13986.680000000,0E-9,0,6054.940000000
0,2023-01-02,beauty_shop_2,478830.560000000,478830.560000000,97660.560000000,70058.548128000,15719.160000000,0E-9,0,6461.080000000
0,2023-01-03,beauty_shop_2,431374.590000000,431374.590000000,91098.290000000,64193.704471000,14959.940000000,1123.072057000,0,5736.090000000
0,2023-01-04,beauty_shop_2,389759.650000000,389759.650000000,90024.090000000,56610.081070000,16011.540000000,1500.000000000,0,5979.280000000
0,2023-01-05,beauty_shop_2,376592.530000000,376592.530000000,88791.130000000,51880.838228000,14016.940000000,2797.686863000,0,5760.050000000
0,2023-01-06,beauty_shop_2,400613.340000000,400613.340000000,93110.650000000,56304.274289000,13413.040000000,2500.000000000,0,5856.880000000
0,2023-01-07,beauty_shop_2,393384.490000000,393384.490000000,92524.240000000,56581.909551000,13553.660000000,2838.472101000,0,8185.830000000
0,2023-01-08,beauty_shop_2,439069.700000000,439069.700000000,95804.020000000,63054.824139000,15195.320000000,2825.802257000,0,8203.720000000
0,2023-01-09,beauty_shop_2,310362.310000000,310362.310000000,75300.500000000,48698.381780000,10941.480000000,1744.359550000,0,9226.850000000
0,2023-01-10,beauty_shop_2,306105.510000000,306105.510000000,69803.710000000,44158.510561000,10378.770000000,1683.658970000,0,9481.540000000
0,2023-01-11,beauty_shop_2,298151.910000000,298151.910000000,67243.100000000,45281.007565000,10388.230000000,3000.000000000,0,5916.220000000
0,2023-01-12,beauty_shop_2,289474.950000000,289474.950000000,62200.240000000,37571.191152000,11552.060000000,2118.929333000,0,5899.730000000
0,2023-01-13,beauty_shop_2,298514.620000000,298514.620000000,60568.770000000,37418.232999000,13353.040000000,2149.398375000,0,5606.620000000
0,2023-01-14,beauty_shop_2,319020.480000000,319020.480000000,57814.400000000,38880.903138000,13997.550000000,1500.000000000,0,6791.920000000
0,2023-01-15,beauty_shop_2,343511.910000000,343511.910000000,61139.020000000,40069.007985000,12499.820000000,1498.123926000,0,7665.800000000
0,2023-01-16,beauty_shop_2,320414.790000000,320414.790000000,57457.670000000,38811.804048000,12495.390000000,2226.978218000,0,7412.890000000
0,2023-01-17,beauty_shop_2,314966.160000000,314966.160000000,56966.990000000,37668.441532000,12453.620000000,1500.287508000,0,6140.460000000
0,2023-01-18,beauty_shop_2,320527.030000000,320527.030000000,56175.540000000,34121.798932000,11498.750000000,1500.000000000,0,6215.280000000
0,2023-01-19,beauty_shop_2,317403.440000000,317403.440000000,52756.760000000,32460.646116000,9000.000000000,1499.118304000,0,5867.710000000
0,2023-01-20,beauty_shop_2,325556.700000000,325556.700000000,51375.740000000,32017.364128000,7938.880000000,1500.000000000,0,6280.420000000
0,2023-01-21,beauty_shop_2,324958.070000000,324958.070000000,53795.490000000,31270.938926000,7963.970000000,1500.000000000,0,8655.950000000
0,2023-01-22,beauty_shop_2,356432.320000000,356432.320000000,57163.970000000,34708.683763000,7395.710000000,1500.083654000,0,10050.770000000
0,2023-01-23,beauty_shop_2,333258.700000000,333258.700000000,55618.400000000,36300.125597000,7369.460000000,1500.000000000,0,8305.560000000
0,2023-01-24,beauty_shop_2,409843.490000000,409843.490000000,56624.630000000,35168.987869000,6061.200000000,1500.000000000,0,7235.200000000
0,2023-01-25,beauty_shop_2,375101.980000000,375101.980000000,57035.560000000,37045.950525000,6851.630000000,1500.000000000,0,7248.150000000
0,2023-01-26,beauty_shop_2,393221.850000000,393221.850000000,58249.630000000,37219.644367000,6889.610000000,1895.073149000,0,7530.540000000
0,2023-01-27,beauty_shop_2,412449.830000000,412449.830000000,60038.120000000,42078.910491000,6259.950000000,1201.533601000,0,6738.740000000
0,2023-01-28,beauty_shop_2,376156.590000000,376156.590000000,64499.360000000,39330.151761000,5162.260000000,1200.041661000,0,7477.140000000
0,2023-01-29,beauty_shop_2,351264.410000000,351264.410000000,68114.690000000,42613.730766000,5882.970000000,1200.040646000,0,8675.930000000
0,2023-01-30,beauty_shop_2,358486.000000000,358486.000000000,64425.040000000,37618.516608000,6546.580000000,1200.085786000,0,7112.470000000
